timestamp,crop_type,actual_temperature_c,predicted_temperature_c,absolute_error_c,pred_linear_baseline_c,pred_naive_persistence_c,pred_lstm_c,pred_linear_regression_c,pred_random_forest_c,pred_gradient_boosting_c
2027-09-28T06:00:00,tb,43.79972,,,43.09847,43.79856,,43.102467,43.222515,43.185387
2027-09-28T07:00:00,tb,43.796646,,,43.268032,43.79972,,43.283825,43.211937,43.123917
2027-09-28T08:00:00,tb,42.294384,,,43.188484,43.796646,,43.195473,43.20088,43.021114
2027-09-28T09:00:00,tb,43.808,,,43.254524,42.294384,,43.260357,43.26972,43.113632
2027-09-28T10:00:00,tb,42.315723,,,43.39631,43.808,,43.402527,43.360367,43.29955
2027-09-28T11:00:00,tb,42.320774,,,43.376526,42.315723,,43.383575,43.3404,43.503803
2027-09-28T12:00:00,tb,43.799675,,,43.34614,42.320774,,43.361954,43.25049,43.026115
2027-09-28T13:00:00,tb,42.28953,,,43.209114,43.799675,,43.192745,43.085026,43.025604
2027-09-28T14:00:00,tb,43.784,,,43.201706,42.28953,,43.21266,43.234043,43.287006
2027-09-28T15:00:00,tb,43.50685,,,43.121094,43.784,,43.12303,43.19244,43.232796
2027-09-28T16:00:00,tb,43.79912,,,43.137596,43.50685,,43.119568,43.188526,43.304245
2027-09-28T17:00:00,tb,43.496315,,,43.095108,43.79912,,43.11817,43.065903,43.066444
2027-09-28T18:00:00,tb,43.493713,,,43.060734,43.496315,,43.056313,43.12739,43.10379
2027-09-28T19:00:00,tb,42.297592,,,43.27789,43.493713,,43.28494,43.200634,43.25323
2027-09-28T20:00:00,tb,43.808754,,,43.187218,42.297592,,43.19299,43.29915,43.30898
2027-09-28T21:00:00,tb,43.806812,,,43.239304,43.808754,,43.244385,43.183044,43.239796
2027-09-28T22:00:00,tb,43.790596,,,43.241447,43.806812,,43.243275,43.200813,43.24007
2027-09-28T23:00:00,tb,42.323997,,,43.109745,43.790596,,43.09947,43.223423,43.29328
2027-09-29T00:00:00,tb,43.79031,,,43.35995,42.323997,,43.36577,43.15838,43.119537
2027-09-29T01:00:00,tb,43.489277,,,43.12901,43.79031,,43.129658,43.111534,43.113342
2027-09-29T02:00:00,tb,43.811165,,,43.154606,43.489277,,43.154194,43.115192,43.165367
2027-09-29T03:00:00,tb,42.302265,,,43.23398,43.811165,,43.24116,43.201656,43.283974
2027-09-29T04:00:00,tb,43.78668,,,43.169563,42.302265,,43.15211,43.187458,43.299107
2027-09-29T05:00:00,tb,43.50252,,,43.18053,43.78668,,43.18662,43.198277,43.20581
2027-09-29T06:00:00,tb,43.813942,,,43.354,43.50252,,43.36313,43.209484,43.28958
2027-09-29T07:00:00,tb,43.508095,,,43.089073,43.813942,,43.065083,43.203495,43.2232
2027-09-29T08:00:00,tb,43.488308,,,43.111874,43.508095,,43.13285,43.23854,43.239223
2027-09-29T09:00:00,tb,43.784836,,,43.105206,43.488308,,43.088566,43.22208,43.11109
2027-09-29T10:00:00,tb,42.28424,,,42.981644,43.784836,,42.98984,43.109657,43.02824
2027-09-29T11:00:00,tb,43.515106,,,43.06695,42.28424,,43.067513,43.24794,43.10155
2027-09-29T12:00:00,tb,42.29048,,,43.27558,43.515106,,43.277298,43.241646,43.122467
2027-09-29T13:00:00,tb,43.503784,,,43.25438,42.29048,,43.252403,43.236004,43.383728
2027-09-29T14:00:00,tb,42.287228,,,43.277374,43.503784,,43.29591,43.22785,43.213856
2027-09-29T15:00:00,tb,43.816105,,,43.26446,42.287228,,43.266582,43.216846,43.2999
2027-09-29T16:00:00,tb,43.810974,,,43.20472,43.816105,,43.20787,43.181812,43.215443
2027-09-29T17:00:00,tb,42.286358,,,43.19219,43.810974,,43.186073,43.273335,43.217823
2027-09-29T18:00:00,tb,43.499737,,,43.242283,42.286358,,43.256588,43.10677,42.98642
2027-09-29T19:00:00,tb,43.49122,,,43.340233,43.499737,,43.348473,43.212757,43.26524
2027-09-29T20:00:00,tb,42.29209,,,43.27411,43.49122,,43.283947,43.1655,43.285122
2027-09-29T21:00:00,tb,43.812782,,,43.054874,42.29209,,43.06159,43.169838,43.204025
2027-09-29T22:00:00,tb,42.292084,,,43.251617,43.812782,,43.26866,43.150196,43.185257
2027-09-29T23:00:00,tb,42.305756,,,43.147427,42.292084,,43.150394,43.196743,43.143757
2027-09-30T00:00:00,tb,43.492886,,,43.33191,42.305756,,43.356133,43.17984,43.28343
2027-09-30T01:00:00,tb,43.80384,,,43.194016,43.492886,,43.185543,43.323856,43.298363
2027-09-30T02:00:00,tb,42.303295,,,43.09193,43.80384,,43.0971,43.18059,43.157772
2027-09-30T03:00:00,tb,43.79351,,,43.204884,42.303295,,43.218803,43.217888,43.321697
2027-09-30T04:00:00,tb,43.487713,,,43.00206,43.79351,,42.98547,43.169163,43.169144
2027-09-30T05:00:00,tb,42.292854,,,43.198627,43.487713,,43.199745,42.970345,42.939056
2027-09-30T06:00:00,tb,43.806774,,,43.29263,42.292854,,43.302,43.21042,43.26121
2027-09-30T07:00:00,tb,42.31348,,,43.304234,43.806774,,43.32779,43.196423,43.218567
2027-09-30T08:00:00,tb,43.820858,,,43.261024,42.31348,,43.26007,43.249084,43.083057
2027-09-30T09:00:00,tb,43.811386,,,43.39223,43.820858,,43.397682,43.263474,43.333267
2027-09-30T10:00:00,tb,42.305943,,,43.323936,43.811386,,43.34402,43.217056,43.466824
2027-09-30T11:00:00,tb,43.48778,,,43.162632,42.305943,,43.134567,43.20494,43.24789
2027-09-30T12:00:00,tb,43.521545,,,43.24125,43.48778,,43.24625,43.08823,43.2276
2027-09-30T13:00:00,tb,43.494637,,,43.160053,43.521545,,43.132942,43.18439,43.163155
2027-09-30T14:00:00,tb,42.305775,,,43.191128,43.494637,,43.199886,43.164143,43.099346
2027-09-30T15:00:00,tb,43.79078,,,43.044117,42.305775,,43.018032,43.083546,42.998943
2027-09-30T16:00:00,tb,43.794544,,,43.35009,43.79078,,43.3668,43.197617,43.199883
2027-09-30T17:00:00,tb,43.805264,,,43.073887,43.794544,,43.057446,43.331913,43.28541
2027-09-30T18:00:00,tb,42.284657,,,43.28174,43.805264,,43.284863,43.270214,43.265385
2027-09-30T19:00:00,tb,43.506065,,,43.09987,42.284657,,43.083664,43.083195,43.227985
2027-09-30T20:00:00,tb,43.505684,,,43.236816,43.506065,,43.2435,43.228687,43.093864
2027-09-30T21:00:00,tb,43.49403,,,43.29866,43.505684,,43.277832,43.28486,43.260757
2027-09-30T22:00:00,tb,42.294056,,,43.027485,43.49403,,43.019897,43.207962,43.13209
2027-09-30T23:00:00,tb,43.49675,,,43.042118,42.294056,,43.02634,43.172886,43.26054
2027-10-01T00:00:00,tb,43.79116,,,43.167053,43.49675,,43.155815,43.21233,43.27668
2027-10-01T01:00:00,tb,42.301594,,,43.19105,43.79116,,43.19127,43.280342,43.293896
2027-10-01T02:00:00,tb,42.31326,,,43.225693,42.301594,,43.20927,43.293602,43.253307
2027-10-01T03:00:00,tb,42.296936,,,43.30201,42.31326,,43.29834,43.333035,43.283516
2027-10-01T04:00:00,tb,43.50836,,,43.25449,42.296936,,43.243835,43.302628,43.389885
2027-10-01T05:00:00,tb,43.481155,,,43.178886,43.50836,,43.177383,43.326256,43.22343
2027-10-01T06:00:00,tb,43.489426,,,42.995247,43.481155,,42.98778,43.300045,43.335552
2027-10-01T07:00:00,tb,43.80977,,,43.098457,43.489426,,43.096516,43.12841,43.08887
2027-10-01T08:00:00,tb,42.3175,,,42.964622,43.80977,,42.950466,43.091778,43.012623
2027-10-01T09:00:00,tb,42.28028,,,43.17882,42.3175,,43.17552,43.153446,43.231575
2027-10-01T10:00:00,tb,43.483917,,,43.231827,42.28028,,43.235733,43.16838,43.0513
2027-10-01T11:00:00,tb,42.294758,,,43.354286,43.483917,,43.35161,43.268013,43.2846
2027-10-01T12:00:00,tb,43.50998,,,43.2569,42.294758,,43.256763,43.18867,43.032387
2027-10-01T13:00:00,tb,42.298145,,,43.23024,43.50998,,43.219364,43.186054,43.14059
2027-10-01T14:00:00,tb,43.803444,,,43.1359,42.298145,,43.1536,43.115555,43.150543
2027-10-01T15:00:00,tb,42.288265,,,43.324303,43.803444,,43.32071,43.281948,43.260166
2027-10-01T16:00:00,tb,42.313385,,,43.323048,42.288265,,43.332806,43.310513,43.336132
2027-10-01T17:00:00,tb,43.51363,,,43.247746,42.313385,,43.23388,43.28721,43.318226
2027-10-01T18:00:00,tb,43.50145,,,43.350338,43.51363,,43.36608,43.1707,43.16781
2027-10-01T19:00:00,tb,43.516895,,,43.156685,43.50145,,43.166725,43.206245,43.284885
2027-10-01T20:00:00,tb,43.492477,,,43.16248,43.516895,,43.165276,43.287903,43.40264
2027-10-01T21:00:00,tb,42.28871,,,42.903698,43.492477,,42.904255,43.08499,43.09732
2027-10-01T22:00:00,tb,42.30327,,,43.14407,42.28871,,43.13469,43.2826,43.27271
2027-10-01T23:00:00,tb,42.30066,,,43.32086,42.30327,,43.325058,43.360214,43.37922
2027-10-02T00:00:00,tb,42.30181,,,43.276688,42.30066,,43.270554,43.369244,43.446312
2027-10-02T01:00:00,tb,43.48887,,,43.278587,42.30181,,43.28338,43.29593,43.18491
2027-10-02T02:00:00,tb,42.292118,,,43.264717,43.48887,,43.24967,43.250813,43.26586
2027-10-02T03:00:00,tb,43.78566,,,43.108128,42.292118,,43.11021,43.199677,43.219414
2027-10-02T04:00:00,tb,43.791763,,,43.254368,43.78566,,43.25786,43.201675,43.15003
2027-10-02T05:00:00,tb,42.286606,,,43.164097,43.791763,,43.160244,43.246956,43.30067
2027-10-02T06:00:00,tb,43.490364,,,43.224144,42.286606,,43.22339,43.1991,43.146038
2027-10-02T07:00:00,tb,43.505196,,,43.287647,43.490364,,43.27852,43.3468,43.351215
2027-10-02T08:00:00,tb,42.318226,,,43.256462,43.505196,,43.266506,43.176903,43.10122
2027-10-02T09:00:00,tb,43.795303,,,43.054695,42.318226,,43.04723,43.231136,43.15689
2027-10-02T10:00:00,tb,43.503254,,,43.131153,43.795303,,43.125397,43.146057,43.1721
2027-10-02T11:00:00,tb,42.30775,,,43.25236,43.503254,,43.258076,43.05087,43.14248
2027-10-02T12:00:00,tb,43.48415,,,43.13744,42.30775,,43.117447,43.08191,43.00471
2027-10-02T13:00:00,tb,42.303074,,,43.34529,43.48415,,43.363735,43.389984,43.441162
2027-10-02T14:00:00,tb,43.7909,,,43.27326,42.303074,,43.252525,43.2636,43.35511
2027-10-02T15:00:00,tb,43.503304,,,43.213917,43.7909,,43.213997,43.1775,43.14095
2027-10-02T16:00:00,tb,42.30289,,,43.29758,43.503304,,43.298607,43.253963,43.15719
2027-10-02T17:00:00,tb,43.4896,,,43.133125,42.30289,,43.131466,43.073986,43.151913
2027-10-02T18:00:00,tb,43.503696,,,43.267677,43.4896,,43.26107,43.290752,43.349792
2027-10-02T19:00:00,tb,43.810246,,,43.199284,43.503696,,43.205864,43.17916,43.157883
2027-10-02T20:00:00,tb,43.799,,,43.002228,43.810246,,42.990147,43.077473,42.94937
2027-10-02T21:00:00,tb,43.79719,,,43.286125,43.799,,43.310703,43.171352,43.196102
2027-10-02T22:00:00,tb,43.49635,,,43.113377,43.79719,,43.096714,43.08213,43.127163
2027-10-02T23:00:00,tb,43.79033,,,43.328026,43.49635,,43.34968,43.21596,43.307484
2027-10-03T00:00:00,tb,43.50623,,,43.208443,43.79033,,43.205185,43.16462,43.135746
2027-10-03T01:00:00,tb,43.82334,,,43.15307,43.50623,,43.158646,43.192734,43.127747
2027-10-03T02:00:00,tb,43.50906,,,43.184334,43.82334,,43.16851,43.228523,43.183376
2027-10-03T03:00:00,tb,42.298775,,,43.22226,43.50906,,43.226406,43.196465,43.283817
2027-10-03T04:00:00,tb,43.504154,,,43.311665,42.298775,,43.303555,43.26051,43.337215
2027-10-03T05:00:00,tb,43.81015,,,43.145527,43.504154,,43.126503,43.21923,43.152367
2027-10-03T06:00:00,tb,43.80954,,,43.181057,43.81015,,43.1715,43.185154,43.247902
2027-10-03T07:00:00,tb,43.50289,,,43.089214,43.80954,,43.084915,43.27742,43.3188
2027-10-03T08:00:00,tb,43.504005,,,43.33839,43.50289,,43.33185,43.21151,43.169144
2027-10-03T09:00:00,tb,43.50451,,,43.19585,43.504005,,43.191547,43.121136,43.157516
2027-10-03T10:00:00,tb,42.308636,,,43.089806,43.50451,,43.08833,43.065136,43.177704
2027-10-03T11:00:00,tb,42.303642,,,43.12589,42.308636,,43.124374,43.26158,43.125984
2027-10-03T12:00:00,tb,43.514008,,,43.171326,42.303642,,43.16978,43.192318,43.137905
2027-10-03T13:00:00,tb,43.795143,,,43.20054,43.514008,,43.186966,43.282467,43.246307
2027-10-03T14:00:00,tb,43.7904,,,43.273888,43.795143,,43.28173,43.258137,43.268982
2027-10-03T15:00:00,tb,42.318317,,,43.065193,43.7904,,43.045185,43.254505,43.224537
2027-10-03T16:00:00,tb,42.287617,,,43.167324,42.318317,,43.15519,43.205616,43.26158
2027-10-03T17:00:00,tb,42.302708,,,43.20188,42.287617,,43.193295,43.219376,43.136856
2027-10-03T18:00:00,tb,43.80709,,,43.28236,42.302708,,43.282215,43.331196,43.221363
2027-10-03T19:00:00,tb,42.29634,,,43.475174,43.80709,,43.484573,43.26268,43.14581
2027-10-03T20:00:00,tb,43.806362,,,43.129944,42.29634,,43.10401,43.240814,43.167194
2027-10-03T21:00:00,tb,42.31154,,,43.286438,43.806362,,43.283867,43.1908,43.297535
2027-10-03T22:00:00,tb,43.79715,,,43.16482,42.31154,,43.161167,43.25976,43.13855
2027-10-03T23:00:00,tb,43.513622,,,43.11033,43.79715,,43.10304,43.181297,43.099007
2027-10-04T00:00:00,tb,43.495155,,,43.290287,43.513622,,43.285122,43.241703,43.275974
2027-10-04T01:00:00,tb,43.80117,,,43.088345,43.495155,,43.088947,43.19507,43.205093
2027-10-04T02:00:00,tb,43.803013,,,43.1095,43.80117,,43.105957,43.269615,43.10541
2027-10-04T03:00:00,tb,43.797085,,,43.202568,43.803013,,43.208004,43.269424,43.212616
2027-10-04T04:00:00,tb,43.806946,,,43.06961,43.797085,,43.076553,43.220375,43.15447
2027-10-04T05:00:00,tb,43.499866,,,43.1899,43.806946,,43.18694,43.221996,43.338604
2027-10-04T06:00:00,tb,42.301258,,,43.19329,43.499866,,43.19639,43.17373,43.231228
2027-10-04T07:00:00,tb,42.294296,,,42.988,42.301258,,42.973194,43.129143,43.009945
2027-10-04T08:00:00,tb,43.802258,,,43.197964,42.294296,,43.198784,43.219646,43.11167
2027-10-04T09:00:00,tb,43.8027,,,43.15159,43.802258,,43.150978,43.22793,43.2499
2027-10-04T10:00:00,tb,43.797607,,,43.296307,43.8027,,43.291348,43.229374,43.226917
2027-10-04T11:00:00,tb,43.480072,,,43.15161,43.797607,,43.13823,43.117577,43.145435
2027-10-04T12:00:00,tb,43.518055,,,43.180416,43.480072,,43.16683,43.282578,43.251713
2027-10-04T13:00:00,tb,43.50106,,,43.341347,43.518055,,43.328335,43.22726,43.258686
2027-10-04T14:00:00,tb,43.501904,,,43.066017,43.50106,,43.051613,43.0445,42.998676
2027-10-04T15:00:00,tb,43.795666,,,43.225716,43.501904,,43.235035,43.078705,43.220093
2027-10-04T16:00:00,tb,42.30687,,,43.229904,43.795666,,43.20436,43.23178,43.26462
2027-10-04T17:00:00,tb,42.29006,,,43.22418,42.30687,,43.25081,43.19123,43.154533
2027-10-04T18:00:00,tb,42.30721,,,43.172993,42.29006,,43.1725,43.14979,43.2768
2027-10-04T19:00:00,tb,43.79231,,,43.287777,42.30721,,43.304108,43.32631,43.51142
2027-10-04T20:00:00,tb,43.498096,,,43.14749,43.79231,,43.152454,43.087475,43.090084
2027-10-04T21:00:00,tb,43.79905,,,43.128014,43.498096,,43.1482,43.024128,42.947803
2027-10-04T22:00:00,tb,43.502975,,,43.180347,43.79905,,43.193172,43.02973,43.05846
2027-10-04T23:00:00,tb,43.80288,,,43.149555,43.502975,,43.161015,43.224625,43.225388
2027-10-05T00:00:00,tb,43.788555,,,43.217903,43.80288,,43.214565,43.243263,43.23626
2027-10-05T01:00:00,tb,42.304676,,,43.122025,43.788555,,43.1325,43.20231,43.21963
2027-10-05T02:00:00,tb,42.31157,,,43.107304,42.304676,,43.104362,43.22853,43.23075
2027-10-05T03:00:00,tb,42.295868,,,43.23523,42.31157,,43.236057,43.281967,43.262264
2027-10-05T04:00:00,tb,43.50456,,,43.275986,42.295868,,43.271713,43.33011,43.47752
2027-10-05T05:00:00,tb,42.296856,,,43.291893,43.50456,,43.29232,43.253967,43.325268
2027-10-05T06:00:00,tb,43.525333,,,43.204094,42.296856,,43.20533,43.129436,42.907368
2027-10-05T07:00:00,tb,43.505894,,,43.30303,43.525333,,43.301895,43.18315,43.19636
2027-10-05T08:00:00,tb,43.79089,,,43.16271,43.505894,,43.153053,43.104786,43.335953
2027-10-05T09:00:00,tb,43.782585,,,43.040295,43.79089,,43.033905,43.0473,43.058758
2027-10-05T10:00:00,tb,43.477932,,,43.208282,43.782585,,43.211243,43.13904,43.1647
2027-10-05T11:00:00,tb,43.488422,,,43.002243,43.477932,,42.98444,43.24646,43.336433
2027-10-05T12:00:00,tb,43.49978,,,43.25565,43.488422,,43.25194,43.127434,43.19704
2027-10-05T13:00:00,tb,42.307537,,,43.16639,43.49978,,43.160923,43.110825,43.08326
2027-10-05T14:00:00,tb,42.303585,,,43.13511,42.307537,,43.131733,43.22191,43.124958
2027-10-05T15:00:00,tb,43.51757,,,43.203255,42.303585,,43.207764,43.359245,43.22732
2027-10-05T16:00:00,tb,43.797848,,,43.27994,43.51757,,43.263733,43.080017,43.110336
2027-10-05T17:00:00,tb,42.310028,,,43.271057,43.797848,,43.26646,43.372406,43.31091
2027-10-05T18:00:00,tb,42.304817,,,43.203613,42.310028,,43.20115,43.26469,43.2754
2027-10-05T19:00:00,tb,43.487328,,,43.333782,42.304817,,43.33808,43.308567,43.199356
2027-10-05T20:00:00,tb,42.31382,,,43.378563,43.487328,,43.373497,43.31806,43.199947
2027-10-05T21:00:00,tb,43.486794,,,43.322777,42.31382,,43.323246,43.139427,43.087463
2027-10-05T22:00:00,tb,43.508747,,,43.16397,43.486794,,43.155205,43.102215,43.27134
2027-10-05T23:00:00,tb,42.304043,,,42.999603,43.508747,,42.99936,42.97573,43.116165
2027-10-06T00:00:00,tb,43.506943,,,43.032883,42.304043,,43.033405,43.22474,43.213013
2027-10-06T01:00:00,tb,43.49617,,,43.261917,43.506943,,43.252613,43.110466,43.1529
2027-10-06T02:00:00,tb,43.486862,,,43.20643,43.49617,,43.222507,43.17654,43.251823
2027-10-06T03:00:00,tb,43.807667,,,43.13333,43.486862,,43.13121,43.212486,43.11642
2027-10-06T04:00:00,tb,43.7953,,,43.407406,43.807667,,43.424473,43.187977,43.267754
2027-10-06T05:00:00,tb,42.29722,,,43.296833,43.7953,,43.30268,43.19445,43.12963
2027-10-06T06:00:00,tb,43.48679,,,43.291355,42.29722,,43.31201,43.342896,43.32194
2027-10-06T07:00:00,tb,43.489536,,,43.335316,43.48679,,43.33761,43.310944,43.35783
2027-10-06T08:00:00,tb,42.298298,,,43.087467,43.489536,,43.099037,43.241188,43.22829
2027-10-06T09:00:00,tb,42.28831,,,43.172997,42.298298,,43.171806,43.16204,43.067177
2027-10-06T10:00:00,tb,43.80434,,,43.30135,42.28831,,43.300606,43.171562,43.21476
2027-10-06T11:00:00,tb,43.49215,,,43.41277,43.80434,,43.421097,43.22409,43.25649
2027-10-06T12:00:00,tb,42.311565,,,43.274292,43.49215,,43.27228,43.20927,43.161835
2027-10-06T13:00:00,tb,43.786167,,,43.1179,42.311565,,43.105537,43.13416,43.134113
2027-10-06T14:00:00,tb,42.295326,,,43.23934,43.786167,,43.240505,43.213528,43.143024
2027-10-06T15:00:00,tb,43.503017,,,43.069553,42.295326,,43.069466,43.05333,42.968185
2027-10-06T16:00:00,tb,43.51337,,,43.294666,43.503017,,43.305817,43.17381,43.163883
2027-10-06T17:00:00,tb,42.298218,,,43.3464,43.51337,,43.362507,43.27712,43.27999
2027-10-06T18:00:00,tb,43.783333,,,43.110275,42.298218,,43.10646,43.19564,43.095596
2027-10-06T19:00:00,tb,43.491627,,,43.190216,43.783333,,43.20633,43.186413,43.351578
2027-10-06T20:00:00,tb,42.29902,,,43.204163,43.491627,,43.20387,43.186493,43.01417
2027-10-06T21:00:00,tb,43.803493,,,43.321095,42.29902,,43.33727,43.315765,43.302883
2027-10-06T22:00:00,tb,42.30589,,,43.24234,43.803493,,43.23356,43.175957,43.114025
2027-10-06T23:00:00,tb,43.497192,,,43.17383,42.30589,,43.178192,43.25567,43.426735
2027-10-07T00:00:00,tb,43.81023,,,43.23954,43.497192,,43.237103,43.26021,43.189163
2027-10-07T01:00:00,tb,43.80167,,,43.314426,43.81023,,43.32264,43.16473,43.22464
2027-10-07T02:00:00,tb,42.30409,,,43.08456,43.80167,,43.075356,43.215466,43.175724
2027-10-07T03:00:00,tb,43.495518,,,43.10927,42.30409,,43.11446,43.108143,43.10051
2027-10-07T04:00:00,tb,43.79332,,,43.386196,43.495518,,43.382507,43.21101,43.42858
2027-10-07T05:00:00,tb,43.489765,,,43.3107,43.79332,,43.316658,43.279663,43.23281
2027-10-07T06:00:00,tb,43.786995,,,43.060364,43.489765,,43.06651,43.18853,43.116703
2027-10-07T07:00:00,tb,43.79992,,,43.041405,43.786995,,43.04229,43.136707,43.147305
2027-10-07T08:00:00,tb,43.49711,,,43.08715,43.79992,,43.074947,43.166454,43.157112
2027-10-07T09:00:00,tb,43.49824,,,43.314327,43.49711,,43.3318,43.076557,43.16358
2027-10-07T10:00:00,tb,43.510395,,,43.1731,43.49824,,43.166996,43.099712,43.155666
2027-10-07T11:00:00,tb,43.504093,,,43.27363,43.510395,,43.267998,43.22544,43.25076
2027-10-07T12:00:00,tb,42.30501,,,43.23428,43.504093,,43.248615,43.142143,43.2792
2027-10-07T13:00:00,tb,42.303852,,,43.069534,42.30501,,43.061295,43.149445,43.10344
2027-10-07T14:00:00,tb,43.80365,,,43.390194,42.303852,,43.39386,43.298733,43.41326
2027-10-07T15:00:00,tb,43.50163,,,43.41128,43.80365,,43.419113,43.25735,43.283268
2027-10-07T16:00:00,tb,42.30546,,,43.254345,43.50163,,43.242702,43.269917,43.355625
2027-10-07T17:00:00,tb,43.823864,,,43.253918,42.30546,,43.280018,43.179832,43.17101
2027-10-07T18:00:00,tb,43.80463,,,43.080658,43.823864,,43.052387,43.211975,43.23901
2027-10-07T19:00:00,tb,43.807705,,,43.101925,43.80463,,43.119434,43.20362,43.197144
2027-10-07T20:00:00,tb,43.794888,,,43.22124,43.807705,,43.21449,43.096004,43.161842
2027-10-07T21:00:00,tb,43.507423,,,43.26143,43.794888,,43.264145,43.202152,43.16816
2027-10-07T22:00:00,tb,43.818096,,,43.350964,43.507423,,43.35856,43.185234,43.328514
2027-10-07T23:00:00,tb,43.495895,,,43.279278,43.818096,,43.28268,43.25295,43.200832
2027-10-08T00:00:00,tb,43.802155,,,43.072254,43.495895,,43.07823,43.16033,43.22008
2027-10-08T01:00:00,tb,43.821014,,,43.17447,43.802155,,43.17141,43.13216,43.099762
2027-10-08T02:00:00,tb,42.301968,,,43.31803,43.821014,,43.340534,43.13743,43.20189
2027-10-08T03:00:00,tb,42.275433,,,43.335506,42.301968,,43.3459,43.314667,43.37653
2027-10-08T04:00:00,tb,42.320972,,,43.320385,42.275433,,43.32653,43.19771,43.15164
2027-10-08T05:00:00,tb,43.80815,,,43.37706,42.320972,,43.38935,43.307735,43.28529
2027-10-08T06:00:00,tb,42.295086,,,43.28618,43.80815,,43.28777,43.230236,43.20689
2027-10-08T07:00:00,tb,43.508503,,,43.166656,42.295086,,43.180176,43.04318,43.069458
2027-10-08T08:00:00,tb,42.297245,,,43.15193,43.508503,,43.14852,43.200684,43.21764
2027-10-08T09:00:00,tb,42.322346,,,43.164253,42.297245,,43.166077,43.275986,43.204056
2027-10-08T10:00:00,tb,43.493767,,,43.08515,42.322346,,43.07042,43.13819,43.220776
2027-10-08T11:00:00,tb,43.804928,,,43.284096,43.493767,,43.29988,43.233944,43.34768
2027-10-08T12:00:00,tb,43.531223,,,43.306824,43.804928,,43.299503,43.313976,43.275574
2027-10-08T13:00:00,tb,43.49212,,,43.255283,43.531223,,43.25795,43.211304,43.061714
2027-10-08T14:00:00,tb,43.800995,,,43.005775,43.49212,,43.014027,43.05387,43.116753
2027-10-08T15:00:00,tb,43.493465,,,43.146187,43.800995,,43.136574,43.22524,43.184746
2027-10-08T16:00:00,tb,43.512306,,,43.199116,43.493465,,43.20806,43.204193,43.173576
2027-10-08T17:00:00,tb,42.301533,,,43.250042,43.512306,,43.246887,43.160313,43.14946
2027-10-08T18:00:00,tb,43.805813,,,43.245586,42.301533,,43.242603,43.312298,43.214813
2027-10-08T19:00:00,tb,42.287094,,,43.258286,43.805813,,43.253963,43.147114,43.17478
2027-10-08T20:00:00,tb,43.51011,,,43.28447,42.287094,,43.28333,43.28475,43.42185
2027-10-08T21:00:00,tb,42.299667,,,43.202854,43.51011,,43.190067,43.034435,43.024258
2027-10-08T22:00:00,tb,43.502277,,,43.190224,42.299667,,43.177135,43.16566,43.23634
2027-10-08T23:00:00,tb,42.300606,,,43.123386,43.502277,,43.130657,43.078186,43.07945
2027-10-09T00:00:00,tb,43.490448,,,43.30078,42.300606,,43.289825,43.238438,43.27192
2027-10-09T01:00:00,tb,42.29737,,,43.166,43.490448,,43.164856,43.249935,43.220207
2027-10-09T02:00:00,tb,42.276276,,,43.26509,42.29737,,43.25579,43.177696,43.119873
2027-10-09T03:00:00,tb,42.27952,,,43.194946,42.276276,,43.20369,43.22904,43.22393
2027-10-09T04:00:00,tb,43.8191,,,43.25327,42.27952,,43.272003,43.21094,43.158146
2027-10-09T05:00:00,tb,43.49044,,,43.19432,43.8191,,43.186737,43.187065,43.1282
2027-10-09T06:00:00,tb,43.509872,,,43.11506,43.49044,,43.116932,43.179867,43.156628
2027-10-09T07:00:00,tb,43.79818,,,43.25631,43.509872,,43.266464,43.179996,43.110363
2027-10-09T08:00:00,tb,43.503708,,,43.057148,43.79818,,43.054646,43.086643,43.03029
2027-10-09T09:00:00,tb,43.50188,,,42.958733,43.503708,,42.95123,43.08161,43.08345
2027-10-09T10:00:00,tb,43.803654,,,43.26762,43.50188,,43.266144,43.256638,43.321766
2027-10-09T11:00:00,tb,42.283634,,,43.150154,43.803654,,43.152023,43.212673,43.15424
2027-10-09T12:00:00,tb,43.79489,,,43.166084,42.283634,,43.151157,43.180172,43.238842
2027-10-09T13:00:00,tb,43.80412,,,43.26424,43.79489,,43.28795,43.222935,43.21295
2027-10-09T14:00:00,tb,42.301003,,,43.234356,43.80412,,43.20936,43.306786,43.177246
2027-10-09T15:00:00,tb,43.79174,,,43.160275,42.301003,,43.16988,43.248203,43.218094
2027-10-09T16:00:00,tb,42.28349,,,43.24338,43.79174,,43.25736,43.070236,43.077732
2027-10-09T17:00:00,tb,43.809364,,,43.326584,42.28349,,43.328403,43.37108,43.411854
2027-10-09T18:00:00,tb,43.500576,,,43.345135,43.809364,,43.347862,43.333885,43.356525
2027-10-09T19:00:00,tb,43.503056,,,43.319645,43.500576,,43.322895,43.203957,42.957043
2027-10-09T20:00:00,tb,43.489456,,,43.241272,43.503056,,43.24836,43.112972,43.144455
2027-10-09T21:00:00,tb,42.30906,,,43.05418,43.489456,,43.049103,43.180176,43.193806
2027-10-09T22:00:00,tb,42.302322,,,43.184887,42.30906,,43.187645,43.27174,43.366726
2027-10-09T23:00:00,tb,43.509594,,,43.180984,42.302322,,43.183487,43.210003,43.24282
2027-10-10T00:00:00,tb,43.49741,,,43.346622,43.509594,,43.344204,43.14798,43.03106
2027-10-10T01:00:00,tb,42.31217,,,43.36872,43.49741,,43.379547,43.386288,43.38048
2027-10-10T02:00:00,tb,42.29517,,,43.135742,42.31217,,43.12903,43.066235,43.10644
2027-10-10T03:00:00,tb,43.808964,,,43.24243,42.29517,,43.26285,43.201912,43.38002
2027-10-10T04:00:00,tb,43.81931,,,43.193096,43.808964,,43.179802,43.14603,43.254864
2027-10-10T05:00:00,tb,42.309982,,,43.400707,43.81931,,43.417088,43.351646,43.349705
2027-10-10T06:00:00,tb,43.501778,,,43.123276,42.309982,,43.11747,43.05934,43.130184
2027-10-10T07:00:00,tb,43.795067,,,43.288364,43.501778,,43.302998,43.17516,43.16882
2027-10-10T08:00:00,tb,42.281815,,,43.16969,43.795067,,43.172043,43.18757,43.238808
2027-10-10T09:00:00,tb,43.498417,,,43.04029,42.281815,,43.0357,43.153545,43.189415
2027-10-10T10:00:00,tb,43.77935,,,43.269173,43.498417,,43.291676,43.25601,43.240044
2027-10-10T11:00:00,tb,42.292694,,,43.074043,43.77935,,43.073597,43.233063,43.052727
2027-10-10T12:00:00,tb,43.499302,,,43.15419,42.292694,,43.15663,43.18826,43.083935
2027-10-10T13:00:00,tb,43.80657,,,43.326237,43.499302,,43.343006,43.275307,43.40659
2027-10-10T14:00:00,tb,42.299744,,,43.261204,43.80657,,43.259136,43.24671,43.28805
2027-10-10T15:00:00,tb,43.788074,,,43.13455,42.299744,,43.128006,43.169643,43.187523
2027-10-10T16:00:00,tb,42.291084,,,43.110264,43.788074,,43.106464,43.17518,43.09903
2027-10-10T17:00:00,tb,43.786854,,,43.22105,42.291084,,43.219234,43.169727,43.216385
2027-10-10T18:00:00,tb,43.508823,,,43.33018,43.786854,,43.337322,43.300823,43.23196
2027-10-10T19:00:00,tb,43.79935,,,43.169323,43.508823,,43.15711,43.219624,43.148632
2027-10-10T20:00:00,tb,42.305466,,,43.199917,43.79935,,43.19852,42.969273,42.89618
2027-10-10T21:00:00,tb,43.497253,,,43.11925,42.305466,,43.126266,43.232105,43.203568
2027-10-10T22:00:00,tb,43.797447,,,43.14265,43.497253,,43.15021,43.191357,43.2581
2027-10-10T23:00:00,tb,42.292347,,,43.294323,43.797447,,43.29439,43.30683,43.26726
2027-10-11T00:00:00,tb,42.322132,,,43.187504,42.292347,,43.21067,43.237675,43.20881
2027-10-11T01:00:00,tb,42.31017,,,43.23937,42.322132,,43.226337,43.25534,43.39657
2027-10-11T02:00:00,tb,43.792233,,,43.22963,42.31017,,43.235176,43.285072,43.25338
2027-10-11T03:00:00,tb,42.302563,,,43.24967,43.792233,,43.256943,43.19992,43.225037
2027-10-11T04:00:00,tb,43.78277,,,43.16369,42.302563,,43.15449,43.272682,43.26763
2027-10-11T05:00:00,tb,43.499508,,,43.129032,43.78277,,43.14087,43.23436,43.153214
2027-10-11T06:00:00,tb,42.300194,,,43.13188,43.499508,,43.13263,43.323982,43.273247
2027-10-11T07:00:00,tb,43.80889,,,43.123215,42.300194,,43.110588,43.220825,43.274685
2027-10-11T08:00:00,tb,43.502483,,,43.31187,43.80889,,43.317146,43.240105,43.20771
2027-10-11T09:00:00,tb,43.486324,,,43.179375,43.502483,,43.18029,43.134666,43.003082
2027-10-11T10:00:00,tb,43.807297,,,43.1382,43.486324,,43.144093,43.240875,43.172676
2027-10-11T11:00:00,tb,42.27992,,,43.03419,43.807297,,43.025078,43.13765,43.0398
2027-10-11T12:00:00,tb,43.507236,,,43.03727,42.27992,,43.045437,43.088646,43.06147
2027-10-11T13:00:00,tb,43.784042,,,43.277695,43.507236,,43.270363,43.216442,43.181442
2027-10-11T14:00:00,tb,43.49428,,,43.320118,43.784042,,43.33907,43.222713,43.172222
2027-10-11T15:00:00,tb,42.28861,,,43.164894,43.49428,,43.173996,43.129017,43.1708
2027-10-11T16:00:00,tb,43.780464,,,43.129448,42.28861,,43.121506,43.135063,43.052788
2027-10-11T17:00:00,tb,43.80443,,,43.122696,43.780464,,43.13553,43.212673,43.299004
2027-10-11T18:00:00,tb,43.80585,,,43.29679,43.80443,,43.2949,43.239716,43.265076
2027-10-11T19:00:00,tb,43.50043,,,43.000374,43.80585,,43.007988,43.20683,43.228382
2027-10-11T20:00:00,tb,43.793037,,,43.18374,43.50043,,43.18363,43.25326,43.200275
2027-10-11T21:00:00,tb,43.491512,,,43.07075,43.793037,,43.080578,43.154865,43.034756
2027-10-11T22:00:00,tb,42.297123,,,43.23694,43.491512,,43.22371,43.158974,43.143692
2027-10-11T23:00:00,tb,43.81822,,,43.23646,42.297123,,43.25407,43.224968,43.363525
2027-10-12T00:00:00,tb,42.29959,,,43.20396,43.81822,,43.20709,43.153072,43.293503
2027-10-12T01:00:00,tb,43.80925,,,43.27474,42.29959,,43.274265,43.258278,43.258286
2027-10-12T02:00:00,tb,43.5009,,,43.236828,43.80925,,43.24397,43.22933,43.223064
2027-10-12T03:00:00,tb,43.808865,,,43.206284,43.5009,,43.204094,43.132603,42.84445
2027-10-12T04:00:00,tb,42.30824,,,43.156937,43.808865,,43.14851,43.081898,43.180775
2027-10-12T05:00:00,tb,42.280926,,,43.22094,42.30824,,43.23736,43.20152,43.340317
2027-10-12T06:00:00,tb,43.481544,,,43.245003,42.280926,,43.23577,43.084988,42.97233
2027-10-12T07:00:00,tb,43.48305,,,43.204414,43.481544,,43.199547,43.20425,43.140697
2027-10-12T08:00:00,tb,43.77132,,,43.180958,43.48305,,43.18227,43.0916,43.022602
2027-10-12T09:00:00,tb,43.500645,,,43.020115,43.77132,,43.016766,43.075977,43.088547
2027-10-12T10:00:00,tb,42.30453,,,43.033836,43.500645,,43.031204,43.162262,43.19077
2027-10-12T11:00:00,tb,43.807487,,,43.20617,42.30453,,43.206528,43.262016,43.14724
2027-10-12T12:00:00,tb,43.810593,,,43.341602,43.807487,,43.329422,43.232735,43.329308
2027-10-12T13:00:00,tb,43.791332,,,43.349125,43.810593,,43.345016,43.298714,43.28654
2027-10-12T14:00:00,tb,42.298893,,,43.324127,43.791332,,43.326218,43.169872,43.281483
2027-10-12T15:00:00,tb,42.278538,,,43.25599,42.298893,,43.23516,43.18257,43.202927
2027-10-12T16:00:00,tb,43.507954,,,43.202824,42.278538,,43.215027,43.222443,43.14865
2027-10-12T17:00:00,tb,43.49743,,,43.256485,43.507954,,43.24087,43.266052,43.315536
2027-10-12T18:00:00,tb,42.29105,,,43.155098,43.49743,,43.15509,43.044464,43.028637
2027-10-12T19:00:00,tb,43.80095,,,42.97351,42.29105,,42.97396,42.970394,42.898624
2027-10-12T20:00:00,tb,43.48553,,,43.13665,43.80095,,43.136887,43.18736,43.213684
2027-10-12T21:00:00,tb,43.791492,,,43.137203,43.48553,,43.13289,43.128235,43.16522
2027-10-12T22:00:00,tb,43.817276,,,43.244865,43.791492,,43.2684,43.304867,43.33221
2027-10-12T23:00:00,tb,42.27879,,,43.256187,43.817276,,43.24944,43.157314,43.11608
2027-10-13T00:00:00,tb,42.290646,,,43.086403,42.27879,,43.084564,43.112423,43.089127
2027-10-13T01:00:00,tb,43.497547,,,43.24016,42.290646,,43.232315,43.28633,43.27258
2027-10-13T02:00:00,tb,42.296307,,,43.384064,43.497547,,43.408966,43.276546,43.348804
2027-10-13T03:00:00,tb,43.503475,,,43.110996,42.296307,,43.09614,43.160686,43.152977
2027-10-13T04:00:00,tb,43.789307,,,43.15963,43.503475,,43.169365,43.189983,43.233692
2027-10-13T05:00:00,tb,43.804863,,,43.242638,43.789307,,43.25358,43.189102,43.14052
2027-10-13T06:00:00,tb,43.780357,,,43.249718,43.804863,,43.26397,43.126797,43.164433
2027-10-13T07:00:00,tb,42.285114,,,43.21749,43.780357,,43.222023,43.20475,43.260185
2027-10-13T08:00:00,tb,43.81548,,,43.186775,42.285114,,43.195545,43.199024,43.188854
2027-10-13T09:00:00,tb,43.49625,,,43.193108,43.81548,,43.20457,43.20651,43.135887
2027-10-13T10:00:00,tb,42.301247,,,43.0775,43.49625,,43.077362,43.199394,43.13321
2027-10-13T11:00:00,tb,43.48698,,,43.115726,42.301247,,43.11824,43.225235,43.245743
2027-10-13T12:00:00,tb,42.296272,,,43.218563,43.48698,,43.217903,43.183964,43.245743
2027-10-13T13:00:00,tb,43.789673,,,43.28469,42.296272,,43.29495,43.281586,43.311928
2027-10-13T14:00:00,tb,43.801636,,,43.20535,43.789673,,43.20721,43.270214,43.1972
2027-10-13T15:00:00,tb,42.290806,,,43.141296,43.801636,,43.146645,43.161148,43.183487
2027-10-13T16:00:00,tb,43.780094,,,43.18017,42.290806,,43.175495,43.114697,43.108547
2027-10-13T17:00:00,tb,43.798065,,,43.303654,43.780094,,43.312855,43.379833,43.2789
2027-10-13T18:00:00,tb,43.804646,,,43.34862,43.798065,,43.352467,43.31127,43.32564
2027-10-13T19:00:00,tb,43.495262,,,43.107346,43.804646,,43.11858,43.155617,43.12156
2027-10-13T20:00:00,tb,42.30435,,,43.167862,43.495262,,43.16861,43.195797,43.154766
2027-10-13T21:00:00,tb,43.806957,,,43.19564,42.30435,,43.200043,43.159428,43.26072
2027-10-13T22:00:00,tb,43.49405,,,43.206505,43.806957,,43.214092,43.267166,43.062702
2027-10-13T23:00:00,tb,42.312923,,,43.117954,43.49405,,43.120308,43.189056,43.14431
2027-10-14T00:00:00,tb,42.309128,,,42.97803,42.312923,,42.966537,43.16845,43.18079
2027-10-14T01:00:00,tb,43.51086,,,43.238804,42.309128,,43.23329,43.1772,43.212128
2027-10-14T02:00:00,tb,43.504166,,,43.121593,43.51086,,43.11499,43.33877,43.38054
2027-10-14T03:00:00,tb,42.296654,,,43.15701,43.504166,,43.154556,43.13976,43.177666
2027-10-14T04:00:00,tb,43.800655,,,43.304577,42.296654,,43.30632,43.22536,43.193363
2027-10-14T05:00:00,tb,43.795956,,,43.057705,43.800655,,43.03166,43.173332,43.248234
2027-10-14T06:00:00,tb,43.80054,,,43.33171,43.795956,,43.348286,43.209248,43.270527
2027-10-14T07:00:00,tb,43.49697,,,43.23584,43.80054,,43.22424,43.13383,43.158134
2027-10-14T08:00:00,tb,43.505856,,,43.1536,43.49697,,43.14856,43.22425,43.27668
2027-10-14T09:00:00,tb,42.297047,,,43.27802,43.505856,,43.267334,43.09009,43.085823
2027-10-14T10:00:00,tb,42.306732,,,43.21316,42.297047,,43.19826,43.205853,43.417744
2027-10-14T11:00:00,tb,43.5109,,,43.242123,42.306732,,43.252113,43.228348,43.314285
2027-10-14T12:00:00,tb,43.79541,,,43.39127,43.5109,,43.38068,43.10889,43.08509
2027-10-14T13:00:00,tb,43.498295,,,43.20076,43.79541,,43.206203,43.234264,43.274307
2027-10-14T14:00:00,tb,43.803642,,,43.188896,43.498295,,43.18858,43.228745,43.31604
2027-10-14T15:00:00,tb,43.79505,,,43.087067,43.803642,,43.071735,43.16907,43.067883
2027-10-14T16:00:00,tb,43.49418,,,43.15352,43.79505,,43.16794,43.266376,43.14948
2027-10-14T17:00:00,tb,43.501102,,,43.228966,43.49418,,43.22263,43.187458,43.19969
2027-10-14T18:00:00,tb,42.287468,,,43.053455,43.501102,,43.03206,43.052925,43.005882
2027-10-14T19:00:00,tb,43.502174,,,43.213703,42.287468,,43.22446,43.19858,43.18366
2027-10-14T20:00:00,tb,42.284714,,,43.066803,43.502174,,43.051178,43.241615,43.231625
2027-10-14T21:00:00,tb,43.494278,,,43.11763,42.284714,,43.115406,43.23224,43.31956
2027-10-14T22:00:00,tb,43.783146,,,43.19352,43.494278,,43.191536,43.231773,43.22048
2027-10-14T23:00:00,tb,42.292828,,,43.21515,43.783146,,43.22723,43.17491,43.04822
2027-10-15T00:00:00,tb,43.49385,,,43.15111,42.292828,,43.142025,43.190784,43.175373
2027-10-15T01:00:00,tb,43.504604,,,43.15893,43.49385,,43.186306,43.382484,43.329193
2027-10-15T02:00:00,tb,43.49246,,,43.233116,43.504604,,43.22733,43.26315,43.283188
2027-10-15T03:00:00,tb,43.48999,,,43.172005,43.49246,,43.19262,43.217194,43.267223
2027-10-15T04:00:00,tb,43.49165,,,43.08487,43.48999,,43.088943,43.211006,43.116642
2027-10-15T05:00:00,tb,42.302166,,,43.302544,43.49165,,43.323536,43.14869,43.126965
2027-10-15T06:00:00,tb,43.51184,,,43.23574,42.302166,,43.24384,43.23372,43.273518
2027-10-15T07:00:00,tb,42.31428,,,43.208977,43.51184,,43.210278,43.18347,43.308167
2027-10-15T08:00:00,tb,42.303432,,,43.15995,42.31428,,43.16937,43.351818,43.48747
2027-10-15T09:00:00,tb,43.514755,,,43.337624,42.303432,,43.338684,43.18874,43.182316
2027-10-15T10:00:00,tb,43.488358,,,43.21529,43.514755,,43.21667,43.14249,43.084255
2027-10-15T11:00:00,tb,42.317703,,,43.275604,43.488358,,43.292564,43.23491,43.308426
2027-10-15T12:00:00,tb,42.30207,,,43.16769,42.317703,,43.163227,43.2102,43.26231
2027-10-15T13:00:00,tb,43.799416,,,43.17243,42.30207,,43.16456,43.12466,43.342625
2027-10-15T14:00:00,tb,42.300537,,,43.26066,43.799416,,43.27175,43.221348,43.03497
2027-10-15T15:00:00,tb,43.807026,,,43.501465,42.300537,,43.51024,43.37277,43.46504
2027-10-15T16:00:00,tb,43.486954,,,43.252342,43.807026,,43.258842,43.127403,43.137882
2027-10-15T17:00:00,tb,43.500645,,,43.215275,43.486954,,43.222893,43.20771,43.13308
2027-10-15T18:00:00,tb,43.79395,,,43.141968,43.500645,,43.15364,43.1366,43.063374
2027-10-15T19:00:00,tb,43.488216,,,43.01319,43.79395,,43.01018,43.06526,43.051144
2027-10-15T20:00:00,tb,42.292,,,43.083435,43.488216,,43.09322,43.138767,43.093075
2027-10-15T21:00:00,tb,42.30361,,,43.188305,42.292,,43.18444,43.264725,43.27111
2027-10-15T22:00:00,tb,43.49007,,,43.3604,42.30361,,43.358967,43.31515,43.33883
2027-10-15T23:00:00,tb,42.2963,,,43.380173,43.49007,,43.38633,43.311188,43.44328
2027-10-16T00:00:00,tb,42.3197,,,43.29505,42.2963,,43.309624,43.33826,43.25914
2027-10-16T01:00:00,tb,43.79405,,,43.228584,42.3197,,43.215508,43.28228,43.32097
2027-10-16T02:00:00,tb,43.49553,,,43.06127,43.79405,,43.074177,43.131184,43.164165
2027-10-16T03:00:00,tb,43.79434,,,43.129745,43.49553,,43.123848,43.110313,43.06126
2027-10-16T04:00:00,tb,42.295204,,,43.212364,43.79434,,43.212383,43.125725,43.178806
2027-10-16T05:00:00,tb,42.297626,,,43.056786,42.295204,,43.04616,43.31594,43.22469
2027-10-16T06:00:00,tb,42.298008,,,43.338825,42.297626,,43.33285,43.292126,43.298054
2027-10-16T07:00:00,tb,43.480507,,,43.252632,42.298008,,43.250862,43.28191,43.393932
2027-10-16T08:00:00,tb,42.30626,,,43.226433,43.480507,,43.212276,43.304874,43.236877
2027-10-16T09:00:00,tb,43.506516,,,43.227306,42.30626,,43.216873,43.136795,43.177895
2027-10-16T10:00:00,tb,43.50048,,,43.145023,43.506516,,43.150127,43.199333,43.262615
2027-10-16T11:00:00,tb,43.477524,,,43.14118,43.50048,,43.119396,43.232494,43.27581
2027-10-16T12:00:00,tb,43.791473,,,43.077866,43.477524,,43.09331,43.00305,43.023132
2027-10-16T13:00:00,tb,42.290726,,,42.97467,43.791473,,42.961235,43.084705,42.897804
2027-10-16T14:00:00,tb,43.506927,,,43.11701,42.290726,,43.116302,43.073715,43.120735
2027-10-16T15:00:00,tb,43.79099,,,43.310783,43.506927,,43.30751,43.258713,43.247223
2027-10-16T16:00:00,tb,42.303883,,,43.22357,43.79099,,43.229034,43.266468,43.24822
2027-10-16T17:00:00,tb,43.511314,,,43.24441,42.303883,,43.257862,43.275818,43.21599
2027-10-16T18:00:00,tb,43.51169,,,43.2889,43.511314,,43.28851,43.254353,43.141968
2027-10-16T19:00:00,tb,43.80898,,,43.245716,43.51169,,43.260788,43.17021,43.23481
2027-10-16T20:00:00,tb,42.296116,,,43.1957,43.80898,,43.1902,43.226574,43.364986
2027-10-16T21:00:00,tb,42.29688,,,43.09733,42.296116,,43.10028,43.179977,43.187023
2027-10-16T22:00:00,tb,43.814354,,,43.168896,42.29688,,43.16352,43.079643,43.245487
2027-10-16T23:00:00,tb,43.820473,,,43.395332,43.814354,,43.410355,43.19212,43.28353
2027-10-17T00:00:00,tb,42.299957,,,43.05758,43.820473,,43.03964,43.166096,43.204464
2027-10-17T01:00:00,tb,43.789547,,,43.14032,42.299957,,43.161953,43.155285,43.247852
2027-10-17T02:00:00,tb,42.295834,,,43.116695,43.789547,,43.114357,43.12654,43.04827
2027-10-17T03:00:00,tb,43.792778,,,43.30838,42.295834,,43.314617,43.084675,42.976948
2027-10-17T04:00:00,tb,43.799416,,,43.162453,43.792778,,43.18785,43.22359,43.26242
2027-10-17T05:00:00,tb,43.81171,,,43.243916,43.799416,,43.253338,43.16967,43.024628
2027-10-17T06:00:00,tb,42.310673,,,43.212856,43.81171,,43.22875,43.15019,43.20696
2027-10-17T07:00:00,tb,42.293648,,,43.04359,42.310673,,43.032833,43.13422,43.10176
2027-10-17T08:00:00,tb,43.4915,,,43.420475,42.293648,,43.428528,43.27774,43.435192
2027-10-17T09:00:00,tb,43.503277,,,43.206146,43.4915,,43.204197,43.23874,43.312935
2027-10-17T10:00:00,tb,42.313072,,,43.22164,43.503277,,43.229588,43.277767,43.27825
2027-10-17T11:00:00,tb,43.80374,,,43.054707,42.313072,,43.04615,43.063885,43.138165
2027-10-17T12:00:00,tb,42.29136,,,43.07598,43.80374,,43.078102,43.14686,43.189358
2027-10-17T13:00:00,tb,43.506157,,,43.26488,42.29136,,43.26752,43.234806,43.247395
2027-10-17T14:00:00,tb,42.30701,,,43.32466,43.506157,,43.318855,43.219418,43.14928
2027-10-17T15:00:00,tb,43.504215,,,43.282616,42.30701,,43.29142,43.221012,43.224392
2027-10-17T16:00:00,tb,42.306923,,,43.026676,43.504215,,43.021137,43.1301,43.194622
2027-10-17T17:00:00,tb,43.796253,,,43.011894,42.306923,,42.996853,43.222366,43.255764
2027-10-17T18:00:00,tb,43.796356,,,43.19138,43.796253,,43.18519,43.240314,43.32473
2027-10-17T19:00:00,tb,42.304287,,,43.26748,43.796356,,43.263203,43.12092,43.189995
2027-10-17T20:00:00,tb,43.497295,,,43.20374,42.304287,,43.196854,43.098835,43.054855
2027-10-17T21:00:00,tb,43.807533,,,43.31716,43.497295,,43.317905,43.25199,43.264416
2027-10-17T22:00:00,tb,43.80223,,,43.05625,43.807533,,43.043095,43.1412,43.113182
2027-10-17T23:00:00,tb,43.79987,,,43.144203,43.80223,,43.144054,43.220055,43.1518
2027-10-18T00:00:00,tb,43.796814,,,43.12683,43.79987,,43.136105,43.178413,43.11019
2027-10-18T01:00:00,tb,43.487762,,,43.246284,43.796814,,43.23589,43.340763,43.324326
2027-10-18T02:00:00,tb,43.51039,,,43.26486,43.487762,,43.283546,43.291176,43.21439
2027-10-18T03:00:00,tb,43.79093,,,43.14664,43.51039,,43.125973,43.224392,43.20601
2027-10-18T04:00:00,tb,42.307438,,,43.28973,43.79093,,43.31167,43.28401,43.196545
2027-10-18T05:00:00,tb,43.48987,,,43.24862,42.307438,,43.258026,43.21984,43.203407
2027-10-18T06:00:00,tb,42.30637,,,43.34036,43.48987,,43.354565,43.226086,43.19924
2027-10-18T07:00:00,tb,43.79623,,,43.35805,42.30637,,43.370396,43.177376,43.188904
2027-10-18T08:00:00,tb,42.311474,,,43.10927,43.79623,,43.102535,43.198074,43.201157
2027-10-18T09:00:00,tb,43.81907,,,43.241554,42.311474,,43.268555,43.319534,43.31354
2027-10-18T10:00:00,tb,43.493618,,,43.118584,43.81907,,43.10305,43.22214,43.25883
2027-10-18T11:00:00,tb,42.28378,,,43.25116,43.493618,,43.277473,43.2857,43.270187
2027-10-18T12:00:00,tb,43.815723,,,43.144627,42.28378,,43.13229,43.098007,43.199776
2027-10-18T13:00:00,tb,43.489697,,,43.22465,43.815723,,43.225018,43.085358,42.99917
2027-10-18T14:00:00,tb,43.812626,,,43.095947,43.489697,,43.106747,43.145214,43.045727
2027-10-18T15:00:00,tb,43.500767,,,43.23556,43.812626,,43.242073,43.174255,43.28863
2027-10-18T16:00:00,tb,42.293777,,,43.287376,43.500767,,43.287807,43.212776,43.27496
2027-10-18T17:00:00,tb,42.3151,,,43.00739,42.293777,,43.003532,43.19559,43.140076
2027-10-18T18:00:00,tb,43.813156,,,43.381096,42.3151,,43.381763,43.20586,43.332977
2027-10-18T19:00:00,tb,43.5138,,,43.15181,43.813156,,43.145267,43.169758,43.120922
2027-10-18T20:00:00,tb,43.51808,,,43.19968,43.5138,,43.195328,43.09348,43.183315
2027-10-18T21:00:00,tb,42.31606,,,43.214745,43.51808,,43.22449,43.123734,43.154274
2027-10-18T22:00:00,tb,43.800407,,,43.258877,42.31606,,43.241436,43.16905,43.260654
2027-10-18T23:00:00,tb,42.306335,,,43.025925,43.800407,,43.016094,42.955215,42.794903
2027-10-19T00:00:00,tb,43.801926,,,43.45387,42.306335,,43.47941,43.276184,43.368885
2027-10-19T01:00:00,tb,43.496006,,,43.243145,43.801926,,43.211914,43.240887,43.26715
2027-10-19T02:00:00,tb,43.782703,,,43.19467,43.496006,,43.22621,43.27798,43.25531
2027-10-19T03:00:00,tb,43.50864,,,43.094685,43.782703,,43.06903,43.16812,43.099564
2027-10-19T04:00:00,tb,43.496094,,,43.268875,43.50864,,43.284817,43.250805,43.26549
2027-10-19T05:00:00,tb,43.798996,,,43.16997,43.496094,,43.153473,43.091927,43.061623
2027-10-19T06:00:00,tb,43.484104,,,43.14219,43.798996,,43.15682,43.268356,43.255833
2027-10-19T07:00:00,tb,43.81394,,,43.317463,43.484104,,43.32521,43.1313,43.174114
2027-10-19T08:00:00,tb,43.80824,,,43.117958,43.81394,,43.107777,43.12723,43.154297
2027-10-19T09:00:00,tb,43.818493,,,43.20186,43.80824,,43.210316,43.346664,43.277454
2027-10-19T10:00:00,tb,43.494473,,,43.257595,43.818493,,43.263004,43.231827,43.180466
2027-10-19T11:00:00,tb,43.49467,,,43.25116,43.494473,,43.244034,43.141514,43.197197
2027-10-19T12:00:00,tb,42.328266,,,43.23186,43.49467,,43.2421,43.18642,43.235493
2027-10-19T13:00:00,tb,43.49381,,,43.142834,42.328266,,43.145786,43.190937,43.006622
2027-10-19T14:00:00,tb,43.812263,,,43.20447,43.49381,,43.215397,43.075005,43.091873
2027-10-19T15:00:00,tb,43.806038,,,43.11538,43.812263,,43.11389,43.226257,43.222477
2027-10-19T16:00:00,tb,43.493065,,,43.18006,43.806038,,43.184162,43.138542,43.19511
2027-10-19T17:00:00,tb,43.505653,,,43.136242,43.493065,,43.14991,43.122467,43.15529
2027-10-19T18:00:00,tb,43.497154,,,43.230328,43.505653,,43.238426,43.133038,43.099045
2027-10-19T19:00:00,tb,43.508297,,,43.26227,43.497154,,43.26412,43.143524,43.124863
2027-10-19T20:00:00,tb,43.501682,,,43.1861,43.508297,,43.20353,43.139256,43.255856
2027-10-19T21:00:00,tb,43.815678,,,43.067055,43.501682,,43.062496,43.24285,43.155136
2027-10-19T22:00:00,tb,43.50946,,,43.30547,43.815678,,43.326572,43.217968,43.26832
2027-10-19T23:00:00,tb,43.521633,,,43.27496,43.50946,,43.260376,43.127655,43.142937
2027-10-20T00:00:00,tb,43.813484,,,43.275967,43.521633,,43.2947,43.256023,43.15759
2027-10-20T01:00:00,tb,42.290897,,,43.264507,43.813484,,43.248528,43.264027,43.146057
2027-10-20T02:00:00,tb,42.291344,,,43.18947,42.290897,,43.180725,43.190224,43.22473
2027-10-20T03:00:00,tb,42.2878,,,43.40244,42.291344,,43.41011,43.221977,43.44388
2027-10-20T04:00:00,tb,42.273903,,,43.31528,42.2878,,43.30476,43.32993,43.369694
2027-10-20T05:00:00,tb,43.796726,,,43.158043,42.273903,,43.145683,43.117493,43.181023
2027-10-20T06:00:00,tb,43.79417,,,43.263218,43.796726,,43.269005,43.173046,43.21194
2027-10-20T07:00:00,tb,43.49287,,,43.077595,43.79417,,43.05875,42.910282,42.759106
2027-10-20T08:00:00,tb,43.487503,,,43.256824,43.49287,,43.272118,43.249363,43.17341
2027-10-20T09:00:00,tb,43.505413,,,43.30161,43.487503,,43.30524,43.20295,43.22804
2027-10-20T10:00:00,tb,42.28683,,,43.293964,43.505413,,43.295113,43.138996,43.116062
2027-10-20T11:00:00,tb,43.80508,,,43.16588,42.28683,,43.17825,43.168354,43.218998
2027-10-20T12:00:00,tb,43.48849,,,43.043518,43.80508,,43.036655,43.215393,43.192772
2027-10-20T13:00:00,tb,43.800518,,,43.29036,43.48849,,43.293003,43.104965,43.291344
2027-10-20T14:00:00,tb,43.796837,,,43.186718,43.800518,,43.19598,43.250015,43.287937
2027-10-20T15:00:00,tb,42.3186,,,43.241867,43.796837,,43.23063,43.112865,43.01415
2027-10-20T16:00:00,tb,42.304916,,,43.337463,42.3186,,43.343147,43.237324,43.242252
2027-10-20T17:00:00,tb,42.302895,,,43.205395,42.304916,,43.204727,43.148098,43.190437
2027-10-20T18:00:00,tb,42.294857,,,43.373108,42.302895,,43.38743,43.399593,43.39607
2027-10-20T19:00:00,tb,42.29408,,,43.158817,42.294857,,43.152737,43.257893,43.288857
2027-10-20T20:00:00,tb,43.80837,,,43.280716,42.29408,,43.299984,43.318626,43.389854
2027-10-20T21:00:00,tb,43.784615,,,43.234,43.80837,,43.23802,43.255295,43.28713
2027-10-20T22:00:00,tb,42.319897,,,43.11906,43.784615,,43.142723,43.088104,43.093624
2027-10-20T23:00:00,tb,43.519367,,,43.11819,42.319897,,43.10142,43.20217,43.102203
2027-10-21T00:00:00,tb,43.802364,,,43.325428,43.519367,,43.34088,43.26155,43.245205
2027-10-21T01:00:00,tb,43.491314,,,42.964813,43.802364,,42.95864,43.323822,43.240936
2027-10-21T02:00:00,tb,43.808746,,,43.143272,43.491314,,43.148643,43.184116,43.089546
2027-10-21T03:00:00,tb,43.49691,,,43.16283,43.808746,,43.154045,43.14181,43.18622
2027-10-21T04:00:00,tb,43.471516,,,43.097584,43.49691,,43.113304,43.08306,43.126125
2027-10-21T05:00:00,tb,43.499207,,,43.16942,43.471516,,43.16679,43.135525,43.245922
2027-10-21T06:00:00,tb,43.79306,,,43.174923,43.499207,,43.18412,43.20838,43.163956
2027-10-21T07:00:00,tb,43.80043,,,43.078426,43.79306,,43.074005,43.199947,43.203114
2027-10-21T08:00:00,tb,42.285374,,,43.16726,43.80043,,43.185326,43.10714,43.15605
2027-10-21T09:00:00,tb,43.79432,,,43.222797,42.285374,,43.213055,43.23392,43.189007
2027-10-21T10:00:00,tb,43.513977,,,43.33113,43.79432,,43.347355,43.18504,43.27681
2027-10-21T11:00:00,tb,42.30568,,,43.32882,43.513977,,43.325703,43.254745,43.165295
2027-10-21T12:00:00,tb,42.290195,,,43.080086,42.30568,,43.09069,43.25222,43.233833
2027-10-21T13:00:00,tb,43.486526,,,43.230293,42.290195,,43.247467,43.165485,43.105637
2027-10-21T14:00:00,tb,43.779335,,,43.275288,43.486526,,43.301403,43.07934,43.08073
2027-10-21T15:00:00,tb,42.27777,,,43.003452,43.779335,,42.992817,43.212265,43.154125
2027-10-21T16:00:00,tb,43.781425,,,43.177155,42.27777,,43.199085,43.071587,43.03893
2027-10-21T17:00:00,tb,42.301785,,,43.10391,43.781425,,43.10499,43.20472,43.1323
2027-10-21T18:00:00,tb,42.30105,,,43.235977,42.301785,,43.246407,43.223614,43.249218
2027-10-21T19:00:00,tb,42.29269,,,43.0948,42.30105,,43.10167,43.169533,43.25272
2027-10-21T20:00:00,tb,43.503067,,,43.255363,42.29269,,43.254917,43.092484,43.12782
2027-10-21T21:00:00,tb,43.499016,,,43.263977,43.503067,,43.260254,43.10068,43.17322
2027-10-21T22:00:00,tb,43.492188,,,43.158413,43.499016,,43.15091,43.08867,43.164917
2027-10-21T23:00:00,tb,42.30773,,,43.1019,43.492188,,43.112556,43.13997,43.313644
2027-10-22T00:00:00,tb,43.802647,,,43.070004,42.30773,,43.052692,43.0618,43.006096
2027-10-22T01:00:00,tb,42.300423,,,43.119354,43.802647,,43.10942,43.062714,42.949005
2027-10-22T02:00:00,tb,43.798332,,,43.37933,42.300423,,43.383884,43.315605,43.29747
2027-10-22T03:00:00,tb,43.497643,,,43.302814,43.798332,,43.312412,43.221214,43.207386
2027-10-22T04:00:00,tb,43.521557,,,43.133495,43.497643,,43.123337,43.314198,43.239235
2027-10-22T05:00:00,tb,43.47663,,,43.106125,43.521557,,43.113445,43.202095,43.215794
2027-10-22T06:00:00,tb,43.503277,,,43.022545,43.47663,,43.023453,43.068108,42.946857
2027-10-22T07:00:00,tb,43.504787,,,43.10501,43.503277,,43.11637,43.07783,42.97875
2027-10-22T08:00:00,tb,42.30591,,,43.154327,43.504787,,43.158684,43.150707,43.088017
2027-10-22T09:00:00,tb,43.80307,,,43.067165,42.30591,,43.0624,43.260254,43.194927
2027-10-22T10:00:00,tb,43.820213,,,43.202526,43.80307,,43.210693,43.25727,43.373844
2027-10-22T11:00:00,tb,43.803474,,,43.308514,43.820213,,43.317974,43.22916,43.251743
2027-10-22T12:00:00,tb,43.50102,,,43.32221,43.803474,,43.33575,43.2413,43.16634
2027-10-22T13:00:00,tb,43.82288,,,43.129387,43.50102,,43.13088,43.085606,43.067608
2027-10-22T14:00:00,tb,43.508327,,,43.497147,43.82288,,43.519173,43.267303,43.34898
2027-10-22T15:00:00,tb,43.800625,,,42.998882,43.508327,,43.00383,43.18904,43.28035
2027-10-22T16:00:00,tb,43.506485,,,43.090965,43.800625,,43.089184,43.18702,43.206257
2027-10-22T17:00:00,tb,43.50566,,,43.250202,43.506485,,43.270977,43.244965,43.39578
2027-10-22T18:00:00,tb,43.5093,,,43.20938,43.50566,,43.209583,43.152725,43.195473
2027-10-22T19:00:00,tb,42.316387,,,43.262444,43.5093,,43.262833,43.153152,43.127197
2027-10-22T20:00:00,tb,42.302414,,,43.20069,42.316387,,43.203182,43.213306,43.054523
2027-10-22T21:00:00,tb,43.80032,,,43.249355,42.302414,,43.253624,43.22052,43.215183
2027-10-22T22:00:00,tb,43.492374,,,43.29078,43.80032,,43.288513,43.214485,43.309628
2027-10-22T23:00:00,tb,42.292866,,,43.223766,43.492374,,43.23131,43.175613,43.263733
2027-10-23T00:00:00,tb,43.499393,,,43.112038,42.292866,,43.090183,43.148594,43.233574
2027-10-23T01:00:00,tb,42.296093,,,43.097733,43.499393,,43.10326,43.141327,43.24847
2027-10-23T02:00:00,tb,43.49725,,,43.3685,42.296093,,43.37227,43.242035,43.24574
2027-10-23T03:00:00,tb,43.49644,,,43.071087,43.49725,,43.050457,43.10383,43.15857
2027-10-23T04:00:00,tb,42.28284,,,43.33143,43.49644,,43.341446,43.22998,43.338776
2027-10-23T05:00:00,tb,43.81534,,,43.025486,42.28284,,43.010746,43.061764,42.907036
2027-10-23T06:00:00,tb,42.29206,,,43.284496,43.81534,,43.30311,43.17968,43.32063
2027-10-23T07:00:00,tb,43.82572,,,43.283527,42.29206,,43.27026,43.185867,43.12719
2027-10-23T08:00:00,tb,43.502583,,,43.297935,43.82572,,43.310577,43.22094,43.336422
2027-10-23T09:00:00,tb,42.289402,,,43.203487,43.502583,,43.21044,43.176003,43.213142
2027-10-23T10:00:00,tb,42.2983,,,43.101906,42.289402,,43.121002,42.99993,42.93955
2027-10-23T11:00:00,tb,42.292793,,,43.316086,42.2983,,43.31543,43.188744,43.239025
2027-10-23T12:00:00,tb,43.80176,,,43.196697,42.292793,,43.214756,43.196747,43.299732
2027-10-23T13:00:00,tb,43.806496,,,43.244526,43.80176,,43.23714,43.18654,43.24433
2027-10-23T14:00:00,tb,43.488308,,,43.197998,43.806496,,43.210487,43.22628,43.184654
2027-10-23T15:00:00,tb,42.29246,,,43.006195,43.488308,,42.992905,43.212368,43.136135
2027-10-23T16:00:00,tb,42.296207,,,43.19979,42.29246,,43.212524,43.210266,43.175896
2027-10-23T17:00:00,tb,43.493816,,,43.1978,42.296207,,43.182735,43.190907,43.15806
2027-10-23T18:00:00,tb,42.3193,,,43.244377,43.493816,,43.24592,43.21953,43.296497
2027-10-23T19:00:00,tb,43.80424,,,43.35899,42.3193,,43.34582,43.238304,43.163467
2027-10-23T20:00:00,tb,43.8095,,,43.12729,43.80424,,43.119045,43.22489,43.222263
2027-10-23T21:00:00,tb,42.304836,,,43.091053,43.8095,,43.082798,43.20504,43.245113
2027-10-23T22:00:00,tb,42.29906,,,43.17356,42.304836,,43.157867,43.121784,43.06225
2027-10-23T23:00:00,tb,43.795803,,,43.241173,42.29906,,43.22645,43.169666,43.249817
2027-10-24T00:00:00,tb,43.792694,,,43.23266,43.795803,,43.214752,43.300858,43.34373
2027-10-24T01:00:00,tb,43.795982,,,43.097572,43.792694,,43.10838,43.177868,43.344955
2027-10-24T02:00:00,tb,43.810898,,,43.062145,43.795982,,43.049747,43.076515,43.03603
2027-10-24T03:00:00,tb,43.499565,,,43.13817,43.810898,,43.13866,43.064346,42.975212
2027-10-24T04:00:00,tb,42.308926,,,43.048096,43.499565,,43.032856,43.239777,43.226284
2027-10-24T05:00:00,tb,43.50432,,,43.28136,42.308926,,43.29535,43.28089,43.227383
2027-10-24T06:00:00,tb,43.80668,,,43.3483,43.50432,,43.35208,43.300125,43.12619
2027-10-24T07:00:00,tb,43.51961,,,43.166904,43.80668,,43.179302,43.21105,43.122246
2027-10-24T08:00:00,tb,43.80353,,,43.32309,43.51961,,43.32255,43.219967,43.267574
2027-10-24T09:00:00,tb,43.504826,,,43.238567,43.80353,,43.240257,43.189575,43.185013
2027-10-24T10:00:00,tb,42.31182,,,43.32489,43.504826,,43.339546,43.197006,43.191833
2027-10-24T11:00:00,tb,42.31029,,,43.242207,42.31182,,43.240746,43.270355,43.229347
2027-10-24T12:00:00,tb,43.807716,,,43.15373,42.31029,,43.158707,43.19343,43.113926
2027-10-24T13:00:00,tb,42.324482,,,43.308304,43.807716,,43.312977,43.2501,43.21661
2027-10-24T14:00:00,tb,43.492126,,,43.099045,42.324482,,43.08509,43.199657,43.255302
2027-10-24T15:00:00,tb,43.793655,,,43.25334,43.492126,,43.27719,43.145405,43.170914
2027-10-24T16:00:00,tb,43.4995,,,43.181767,43.793655,,43.179466,43.170006,43.189648
2027-10-24T17:00:00,tb,42.302563,,,43.109688,43.4995,,43.10459,43.0781,43.10784
2027-10-24T18:00:00,tb,42.282864,,,43.10861,42.302563,,43.113552,43.163513,43.181156
2027-10-24T19:00:00,tb,42.30305,,,43.093475,42.282864,,43.092754,43.17496,43.141182
2027-10-24T20:00:00,tb,43.803535,,,43.42066,42.30305,,43.42949,43.36974,43.4687
2027-10-24T21:00:00,tb,43.79503,,,43.212757,43.803535,,43.199223,43.207066,43.221695
2027-10-24T22:00:00,tb,42.30062,,,43.2495,43.79503,,43.26367,43.18644,43.09643
2027-10-24T23:00:00,tb,43.80307,,,43.224464,42.30062,,43.218384,43.13145,43.210125
2027-10-25T00:00:00,tb,42.288147,,,43.2188,43.80307,,43.222813,43.039406,43.181732
2027-10-25T01:00:00,tb,42.30315,,,43.243214,42.288147,,43.24277,43.308502,43.310024
2027-10-25T02:00:00,tb,43.51138,,,43.41162,42.30315,,43.42384,43.06126,43.18416
2027-10-25T03:00:00,tb,42.29476,,,43.259914,43.51138,,43.248367,43.12431,43.05939
2027-10-25T04:00:00,tb,43.80112,,,43.391674,42.29476,,43.407024,43.196327,43.23924
2027-10-25T05:00:00,tb,43.512463,,,43.024117,43.80112,,43.02217,43.15788,43.269306
2027-10-25T06:00:00,tb,43.804783,,,43.02878,43.512463,,43.01587,43.13969,43.10657
2027-10-25T07:00:00,tb,43.812435,,,43.102676,43.804783,,43.11506,43.130943,43.279266
2027-10-25T08:00:00,tb,43.801743,,,43.173286,43.812435,,43.16023,43.23504,43.267406
2027-10-25T09:00:00,tb,43.503098,,,43.19794,43.801743,,43.196075,43.128796,43.05299
2027-10-25T10:00:00,tb,43.48808,,,43.268368,43.503098,,43.26804,43.16888,43.184822
2027-10-25T11:00:00,tb,43.491688,,,43.22313,43.48808,,43.217854,43.158627,43.244526
2027-10-25T12:00:00,tb,42.299297,,,43.120705,43.491688,,43.122463,43.21235,43.198032
2027-10-25T13:00:00,tb,42.29309,,,43.177982,42.299297,,43.166916,43.225914,43.135433
2027-10-25T14:00:00,tb,43.781372,,,43.21443,42.29309,,43.21839,43.161686,43.106827
2027-10-25T15:00:00,tb,43.49936,,,43.27883,43.781372,,43.271343,43.36917,43.41566
2027-10-25T16:00:00,tb,42.291058,,,43.27765,43.49936,,43.28185,43.22777,43.214058
2027-10-25T17:00:00,tb,43.80849,,,43.03395,42.291058,,43.038837,43.214134,43.08845
2027-10-25T18:00:00,tb,43.803043,,,43.25068,43.80849,,43.24659,43.169785,43.22184
2027-10-25T19:00:00,tb,42.306263,,,43.098507,43.803043,,43.103844,43.185017,43.236996
2027-10-25T20:00:00,tb,42.291798,,,43.12777,42.306263,,43.139034,43.1132,43.02086
2027-10-25T21:00:00,tb,42.319305,,,43.292816,42.291798,,43.295746,43.277206,43.280766
2027-10-25T22:00:00,tb,43.784958,,,43.212986,42.319305,,43.192173,43.274418,43.291046
2027-10-25T23:00:00,tb,43.805626,,,43.30349,43.784958,,43.31591,43.170185,43.1994
2027-10-26T00:00:00,tb,43.796227,,,43.115295,43.805626,,43.10655,43.265987,43.25815
2027-10-26T01:00:00,tb,42.298386,,,43.09808,43.796227,,43.09689,43.06669,43.130768
2027-10-26T02:00:00,tb,43.78479,,,43.091774,42.298386,,43.08552,43.23708,43.217724
2027-10-26T03:00:00,tb,43.508224,,,43.198765,43.78479,,43.205185,43.34248,43.367092
2027-10-26T04:00:00,tb,42.27998,,,43.1431,43.508224,,43.142014,43.35384,43.364395
2027-10-26T05:00:00,tb,43.79696,,,43.30884,42.27998,,43.32933,43.069992,42.89768
2027-10-26T06:00:00,tb,42.30369,,,43.134094,43.79696,,43.12407,43.209347,43.247326
2027-10-26T07:00:00,tb,43.78941,,,43.337475,42.30369,,43.35743,43.226692,42.98968
2027-10-26T08:00:00,tb,43.501583,,,43.093998,43.78941,,43.086163,43.16993,43.118027
2027-10-26T09:00:00,tb,42.309677,,,43.253254,43.501583,,43.25615,42.976845,43.111202
2027-10-26T10:00:00,tb,43.82487,,,43.27412,42.309677,,43.276096,43.186905,43.21308
2027-10-26T11:00:00,tb,42.29504,,,43.260685,43.82487,,43.262318,43.242256,43.27781
2027-10-26T12:00:00,tb,42.29578,,,43.142445,42.29504,,43.134987,43.265972,43.18277
2027-10-26T13:00:00,tb,43.795887,,,43.268528,42.29578,,43.274475,43.310642,43.348804
2027-10-26T14:00:00,tb,43.503464,,,43.2085,43.795887,,43.20559,43.19025,43.0196
2027-10-26T15:00:00,tb,43.781998,,,43.036995,43.503464,,43.033382,43.229534,43.193798
2027-10-26T16:00:00,tb,42.303772,,,43.059155,43.781998,,43.07026,43.138683,43.062946
2027-10-26T17:00:00,tb,43.50341,,,43.273216,42.303772,,43.275505,43.178432,43.22857
2027-10-26T18:00:00,tb,42.30357,,,43.39703,43.50341,,43.398426,43.17062,43.161037
2027-10-26T19:00:00,tb,43.505383,,,43.276848,42.30357,,43.300133,43.15878,43.275497
2027-10-26T20:00:00,tb,43.4944,,,43.249344,43.505383,,43.26571,43.254063,43.214943
2027-10-26T21:00:00,tb,42.300148,,,43.127197,43.4944,,43.12638,43.18867,43.044426
2027-10-26T22:00:00,tb,43.79544,,,43.139374,42.300148,,43.16609,43.122063,43.179737
2027-10-26T23:00:00,tb,43.51335,,,43.231915,43.79544,,43.214985,43.216564,43.270935
2027-10-27T00:00:00,tb,43.496944,,,43.255707,43.51335,,43.27536,43.22732,43.2568
2027-10-27T01:00:00,tb,42.30534,,,43.128284,43.496944,,43.126648,43.132484,43.15435
2027-10-27T02:00:00,tb,43.50578,,,43.151134,42.30534,,43.14588,43.10845,43.15678
2027-10-27T03:00:00,tb,43.794777,,,43.196426,43.50578,,43.20227,43.06576,43.12669
2027-10-27T04:00:00,tb,43.51045,,,43.06011,43.794777,,43.057083,43.28277,43.18679
2027-10-27T05:00:00,tb,43.491833,,,43.40498,43.51045,,43.408566,43.202854,43.28169
2027-10-27T06:00:00,tb,43.506744,,,43.117344,43.491833,,43.12145,43.252186,43.16171
2027-10-27T07:00:00,tb,43.811913,,,43.18298,43.506744,,43.164715,43.184185,43.09538
2027-10-27T08:00:00,tb,42.319447,,,43.20132,43.811913,,43.221375,43.226887,43.25194
2027-10-27T09:00:00,tb,43.78491,,,43.11478,42.319447,,43.09704,43.170742,43.16628
2027-10-27T10:00:00,tb,43.509697,,,43.337147,43.78491,,43.359768,43.253475,43.19008
2027-10-27T11:00:00,tb,43.49649,,,43.114258,43.509697,,43.09294,43.203323,43.234104
2027-10-27T12:00:00,tb,42.299133,,,43.194366,43.49649,,43.20743,43.118202,43.051132
2027-10-27T13:00:00,tb,43.824932,,,43.235523,42.299133,,43.22503,43.280415,43.33113
2027-10-27T14:00:00,tb,43.506603,,,43.38778,43.824932,,43.405727,43.24601,43.321533
2027-10-27T15:00:00,tb,42.300087,,,43.22823,43.506603,,43.237473,43.095776,43.10363
2027-10-27T16:00:00,tb,43.799362,,,43.201298,42.300087,,43.1906,43.20792,43.353657
2027-10-27T17:00:00,tb,43.80846,,,43.209484,43.799362,,43.20499,43.187973,42.989155
2027-10-27T18:00:00,tb,43.49114,,,43.054184,43.80846,,43.049416,43.10745,43.16194
2027-10-27T19:00:00,tb,42.30226,,,43.085697,43.49114,,43.084446,43.11951,43.016205
2027-10-27T20:00:00,tb,42.29198,,,43.30482,42.30226,,43.293465,43.17342,43.13193
2027-10-27T21:00:00,tb,43.801174,,,43.201553,42.29198,,43.188156,43.2459,43.276165
2027-10-27T22:00:00,tb,43.489105,,,43.231216,43.801174,,43.244396,43.333447,43.217937
2027-10-27T23:00:00,tb,42.29612,,,43.28019,43.489105,,43.26639,43.17945,43.253742
2027-10-28T00:00:00,tb,43.801685,,,43.225616,42.29612,,43.235954,43.195602,43.16595
2027-10-28T01:00:00,tb,43.493317,,,43.180996,43.801685,,43.19082,43.276917,43.241646
2027-10-28T02:00:00,tb,43.492943,,,43.108162,43.493317,,43.104546,43.112637,43.04614
2027-10-28T03:00:00,tb,43.795563,,,43.18407,43.492943,,43.201725,43.251472,43.168396
2027-10-28T04:00:00,tb,43.7929,,,43.021038,43.795563,,43.01288,43.176697,43.197487
2027-10-28T05:00:00,tb,42.28795,,,43.10556,43.7929,,43.12265,43.164593,43.16362
2027-10-28T06:00:00,tb,43.493656,,,43.214474,42.28795,,43.22835,43.239594,43.34305
2027-10-28T07:00:00,tb,42.28568,,,43.173298,43.493656,,43.165295,43.22135,43.256107
2027-10-28T08:00:00,tb,42.28911,,,43.33203,42.28568,,43.33737,43.25089,43.193554
2027-10-28T09:00:00,tb,43.800827,,,43.192745,42.28911,,43.20094,43.195694,43.1752
2027-10-28T10:00:00,tb,43.820423,,,43.20601,43.800827,,43.205524,43.02231,42.947975
2027-10-28T11:00:00,tb,42.296234,,,43.24225,43.820423,,43.25103,43.21611,43.171913
2027-10-28T12:00:00,tb,43.795807,,,43.195095,42.296234,,43.181404,43.22927,43.169136
2027-10-28T13:00:00,tb,42.288425,,,43.215607,43.795807,,43.22764,43.302704,43.259964
2027-10-28T14:00:00,tb,43.790108,,,43.22834,42.288425,,43.223362,43.234993,43.336895
2027-10-28T15:00:00,tb,43.48332,,,43.27732,43.790108,,43.288734,43.2285,43.223186
2027-10-28T16:00:00,tb,43.50343,,,43.150436,43.48332,,43.148575,43.208683,43.250088
2027-10-28T17:00:00,tb,42.306545,,,43.08856,43.50343,,43.089462,43.190094,43.05817
2027-10-28T18:00:00,tb,43.481396,,,43.178185,42.306545,,43.173786,43.14911,43.30444
2027-10-28T19:00:00,tb,43.497234,,,43.125095,43.481396,,43.13472,43.148094,43.260654
2027-10-28T20:00:00,tb,43.501842,,,43.288017,43.497234,,43.283497,43.0609,42.992294
2027-10-28T21:00:00,tb,43.484303,,,43.26237,43.501842,,43.248768,43.239975,43.23928
2027-10-28T22:00:00,tb,42.30756,,,42.99945,43.484303,,43.00883,43.18968,43.12688
2027-10-28T23:00:00,tb,43.496723,,,43.26307,42.30756,,43.250782,43.16868,43.27055
2027-10-29T00:00:00,tb,43.502625,,,43.25725,43.496723,,43.263817,43.314926,43.20219
2027-10-29T01:00:00,tb,42.30026,,,43.21826,43.502625,,43.215538,43.194733,43.222183
2027-10-29T02:00:00,tb,43.800797,,,43.28266,42.30026,,43.292915,43.28694,43.233124
2027-10-29T03:00:00,tb,43.807358,,,43.140938,43.800797,,43.13448,43.215786,43.28823
2027-10-29T04:00:00,tb,42.308315,,,43.242725,43.807358,,43.25597,43.248806,43.37486
2027-10-29T05:00:00,tb,42.30779,,,43.21972,42.308315,,43.215305,43.12368,43.20759
2027-10-29T06:00:00,tb,43.81087,,,43.24101,42.30779,,43.250843,43.198997,43.228146
2027-10-29T07:00:00,tb,42.302834,,,43.242786,43.81087,,43.235767,43.2175,43.251205
2027-10-29T08:00:00,tb,43.797382,,,43.202267,42.302834,,43.208492,43.203087,43.10794
2027-10-29T09:00:00,tb,43.80076,,,43.16317,43.797382,,43.1635,43.19903,43.247295
2027-10-29T10:00:00,tb,42.306915,,,43.18522,43.80076,,43.1835,43.207867,43.204037
2027-10-29T11:00:00,tb,43.81577,,,43.198643,42.306915,,43.196827,43.240597,43.220234
2027-10-29T12:00:00,tb,43.811375,,,43.227146,43.81577,,43.235325,43.187065,43.224632
2027-10-29T13:00:00,tb,43.512653,,,43.286015,43.811375,,43.29061,43.30557,43.15173
2027-10-29T14:00:00,tb,43.802956,,,43.158966,43.512653,,43.16087,43.23221,43.166164
2027-10-29T15:00:00,tb,43.50142,,,43.17871,43.802956,,43.176914,43.19014,43.16794
2027-10-29T16:00:00,tb,43.50601,,,43.20905,43.50142,,43.22091,43.253986,43.236668
2027-10-29T17:00:00,tb,42.306305,,,43.141624,43.50601,,43.162083,43.108257,43.27039
2027-10-29T18:00:00,tb,42.3092,,,43.19237,42.306305,,43.184864,43.162376,43.21243
2027-10-29T19:00:00,tb,43.50638,,,43.33862,42.3092,,43.337624,43.223293,43.21318
2027-10-29T20:00:00,tb,42.28959,,,43.386177,43.50638,,43.411736,43.266064,43.228054
2027-10-29T21:00:00,tb,43.809616,,,43.197094,42.28959,,43.19811,43.183826,43.2451
2027-10-29T22:00:00,tb,43.502,,,43.303844,43.809616,,43.311314,43.228733,43.27372
2027-10-29T23:00:00,tb,43.51478,,,43.23492,43.502,,43.241405,43.16446,43.244232
2027-10-30T00:00:00,tb,42.316734,,,43.104015,43.51478,,43.089386,43.187492,43.181595
2027-10-30T01:00:00,tb,42.296383,,,43.289898,42.316734,,43.294155,43.216316,43.260723
2027-10-30T02:00:00,tb,42.296307,,,43.13546,42.296383,,43.144817,43.066235,43.28029
2027-10-30T03:00:00,tb,42.293015,,,43.24617,42.296307,,43.240196,43.21875,43.219055
2027-10-30T04:00:00,tb,43.798656,,,43.36257,42.293015,,43.36495,43.318733,43.4348
2027-10-30T05:00:00,tb,43.795994,,,43.09433,43.798656,,43.077454,43.257034,43.24992
2027-10-30T06:00:00,tb,43.49548,,,43.18773,43.795994,,43.195465,43.198486,43.25953
2027-10-30T07:00:00,tb,43.79534,,,43.06666,43.49548,,43.055035,43.21707,43.146664
2027-10-30T08:00:00,tb,43.78054,,,43.05385,43.79534,,43.061436,43.09079,43.022606
2027-10-30T09:00:00,tb,43.505356,,,43.284702,43.78054,,43.282764,43.192642,43.086567
2027-10-30T10:00:00,tb,43.502403,,,43.123188,43.505356,,43.119553,43.148026,43.174534
2027-10-30T11:00:00,tb,43.49875,,,43.354816,43.502403,,43.378292,43.289387,43.208153
2027-10-30T12:00:00,tb,42.29454,,,43.29213,43.49875,,43.272823,43.14136,43.202484
2027-10-30T13:00:00,tb,43.795113,,,43.228863,42.29454,,43.239975,43.19926,43.164288
2027-10-30T14:00:00,tb,42.28153,,,43.243553,43.795113,,43.234604,43.308327,43.241425
2027-10-30T15:00:00,tb,43.788,,,43.309383,42.28153,,43.31158,43.24069,43.127556
2027-10-30T16:00:00,tb,43.48686,,,43.31564,43.788,,43.299652,43.26214,43.287872
2027-10-30T17:00:00,tb,42.31121,,,43.289116,43.48686,,43.289566,43.25786,43.1699
2027-10-30T18:00:00,tb,43.80242,,,43.115902,42.31121,,43.102234,43.130863,43.231693
2027-10-30T19:00:00,tb,43.507637,,,43.177658,43.80242,,43.16871,43.15655,43.171837
2027-10-30T20:00:00,tb,42.311417,,,43.161694,43.507637,,43.17645,43.175938,43.215694
2027-10-30T21:00:00,tb,43.506157,,,43.062386,42.311417,,43.04383,43.285767,43.27381
2027-10-30T22:00:00,tb,43.510357,,,43.254383,43.506157,,43.272194,43.251125,43.219177
2027-10-30T23:00:00,tb,43.803394,,,43.075863,43.510357,,43.08046,43.205738,43.13525
2027-10-31T00:00:00,tb,43.805264,,,43.107994,43.803394,,43.11049,43.2594,43.210037
2027-10-31T01:00:00,tb,43.766205,,,43.063854,43.805264,,43.06134,43.242573,43.224564
2027-10-31T02:00:00,tb,43.785824,,,43.029488,43.766205,,43.029232,43.236435,43.21779
2027-10-31T03:00:00,tb,43.500385,,,43.27864,43.785824,,43.283306,43.31061,43.253483
2027-10-31T04:00:00,tb,43.797855,,,43.268364,43.500385,,43.257996,43.194138,43.194263
2027-10-31T05:00:00,tb,42.293907,,,43.042393,43.797855,,43.021152,43.175484,43.135414
2027-10-31T06:00:00,tb,42.299503,,,43.232925,42.293907,,43.248005,43.267757,43.30931
2027-10-31T07:00:00,tb,42.294388,,,43.207542,42.299503,,43.194393,43.246017,43.175293
2027-10-31T08:00:00,tb,42.304256,,,43.205395,42.294388,,43.20283,43.164433,43.10919
2027-10-31T09:00:00,tb,42.308037,,,43.36934,42.304256,,43.372776,43.269318,43.263798
2027-10-31T10:00:00,tb,43.498947,,,43.201984,42.308037,,43.19618,43.321182,43.342865
2027-10-31T11:00:00,tb,43.80338,,,43.123585,43.498947,,43.1226,43.183308,43.24568
2027-10-31T12:00:00,tb,42.297882,,,43.164696,43.80338,,43.16498,43.137184,43.222908
2027-10-31T13:00:00,tb,43.506676,,,43.070236,42.297882,,43.062824,43.216003,43.240566
2027-10-31T14:00:00,tb,43.80896,,,43.248623,43.506676,,43.25346,43.25457,43.20129
2027-10-31T15:00:00,tb,43.50804,,,43.154404,43.80896,,43.151245,43.2827,43.24781
2027-10-31T16:00:00,tb,42.302563,,,43.255524,43.50804,,43.250137,43.22363,43.260742
2027-10-31T17:00:00,tb,43.793938,,,43.11636,42.302563,,43.11368,43.077682,42.999184
2027-10-31T18:00:00,tb,43.793003,,,43.22372,43.793938,,43.217686,43.273113,43.205757
2027-10-31T19:00:00,tb,42.315735,,,43.300255,43.793003,,43.315834,43.2392,43.237114
2027-10-31T20:00:00,tb,42.326603,,,43.29185,42.315735,,43.28781,43.22933,43.274704
2027-10-31T21:00:00,tb,43.494617,,,43.344025,42.326603,,43.3509,43.21956,43.179314
2027-10-31T22:00:00,tb,43.793247,,,43.117744,43.494617,,43.107937,43.24157,43.243553
2027-10-31T23:00:00,tb,43.80073,,,43.13514,43.793247,,43.144226,43.20262,43.154583
2027-11-01T00:00:00,tb,42.30679,,,43.010628,43.80073,,42.999596,43.094635,43.05522
2027-11-01T01:00:00,tb,43.8056,,,43.264812,42.30679,,43.27688,43.206135,43.208595
2027-11-01T02:00:00,tb,43.51196,,,43.353855,43.8056,,43.33986,43.29786,43.295044
2027-11-01T03:00:00,tb,43.502983,,,43.35863,43.51196,,43.355255,43.15657,43.18506
2027-11-01T04:00:00,tb,42.30092,,,43.03707,43.502983,,43.03165,43.19303,43.133938
2027-11-01T05:00:00,tb,43.80347,,,43.184498,42.30092,,43.18724,43.15925,43.192352
2027-11-01T06:00:00,tb,43.498665,,,43.239315,43.80347,,43.24613,43.126907,43.29298
2027-11-01T07:00:00,tb,42.298416,,,43.233757,43.498665,,43.217655,43.10016,43.141113
2027-11-01T08:00:00,tb,43.800266,,,43.22231,42.298416,,43.222992,43.188187,43.198116
2027-11-01T09:00:00,tb,42.297035,,,43.23269,43.800266,,43.23545,43.225994,43.142178
2027-11-01T10:00:00,tb,43.801872,,,43.219948,42.297035,,43.21943,43.376404,43.30938
2027-11-01T11:00:00,tb,43.795128,,,43.253185,43.801872,,43.27291,43.323826,43.362125
2027-11-01T12:00:00,tb,43.793476,,,43.240814,43.795128,,43.237473,43.223057,43.169052
2027-11-01T13:00:00,tb,43.783005,,,43.18642,43.793476,,43.184174,43.124702,43.019455
2027-11-01T14:00:00,tb,43.793514,,,43.01563,43.783005,,43.025425,43.215557,43.339714
2027-11-01T15:00:00,tb,43.79697,,,43.23703,43.793514,,43.247242,43.314194,43.115326
2027-11-01T16:00:00,tb,43.488712,,,43.151127,43.79697,,43.149914,43.19455,43.154617
2027-11-01T17:00:00,tb,43.78098,,,43.038883,43.488712,,43.023067,43.192528,43.081585
2027-11-01T18:00:00,tb,43.802498,,,43.091473,43.78098,,43.09401,43.17749,43.13127
2027-11-01T19:00:00,tb,43.4891,,,43.074596,43.802498,,43.062714,43.21289,43.194378
2027-11-01T20:00:00,tb,43.489025,,,43.17661,43.4891,,43.18373,43.171757,43.156445
2027-11-01T21:00:00,tb,43.800632,,,43.168816,43.489025,,43.16741,43.10546,43.062435
2027-11-01T22:00:00,tb,43.499016,,,43.13573,43.800632,,43.126236,43.145054,43.163403
2027-11-01T23:00:00,tb,43.793953,,,43.08172,43.499016,,43.091194,43.128,43.17261
2027-11-02T00:00:00,tb,43.49827,,,43.103767,43.793953,,43.102947,43.28649,43.2544
2027-11-02T01:00:00,tb,43.804016,,,43.23563,43.49827,,43.23396,43.140587,43.148155
2027-11-02T02:00:00,tb,43.497334,,,43.08708,43.804016,,43.091415,43.229603,43.251266
2027-11-02T03:00:00,tb,43.492565,,,43.182102,43.497334,,43.194145,43.213787,43.2708
2027-11-02T04:00:00,tb,43.503544,,,43.161575,43.492565,,43.14826,43.128803,43.169327
2027-11-02T05:00:00,tb,43.507854,,,43.169266,43.503544,,43.181835,43.13614,43.18826
2027-11-02T06:00:00,tb,42.29687,,,43.319893,43.507854,,43.325367,43.129883,43.201077
2027-11-02T07:00:00,tb,43.800102,,,43.225613,42.29687,,43.238205,43.21414,43.26595
2027-11-02T08:00:00,tb,43.502724,,,43.247086,43.800102,,43.27077,43.27618,43.426094
2027-11-02T09:00:00,tb,42.328976,,,43.195366,43.502724,,43.185894,43.036636,42.83619
2027-11-02T10:00:00,tb,43.49293,,,43.23272,42.328976,,43.254604,43.134228,43.03067
2027-11-02T11:00:00,tb,43.80828,,,43.312893,43.49293,,43.2979,43.35361,43.33542
2027-11-02T12:00:00,tb,42.307144,,,43.269653,43.80828,,43.291565,43.18775,43.08394
2027-11-02T13:00:00,tb,43.488182,,,43.33001,42.307144,,43.323624,43.226368,43.370964
2027-11-02T14:00:00,tb,43.497868,,,43.23203,43.488182,,43.23886,43.197136,43.1838
2027-11-02T15:00:00,tb,42.301064,,,43.153652,43.497868,,43.153835,43.22729,43.25923
2027-11-02T16:00:00,tb,43.807987,,,43.228806,42.301064,,43.23895,43.25105,43.306023
2027-11-02T17:00:00,tb,43.488934,,,43.146088,43.807987,,43.149258,43.07736,43.117367
2027-11-02T18:00:00,tb,42.312054,,,43.145557,43.488934,,43.15143,43.089016,43.144817
2027-11-02T19:00:00,tb,43.792835,,,43.329567,42.312054,,43.33297,43.227356,43.206127
2027-11-02T20:00:00,tb,43.803837,,,43.188213,43.792835,,43.201527,43.294106,43.328106
2027-11-02T21:00:00,tb,42.301113,,,43.068684,43.803837,,43.061783,43.227463,43.18839
2027-11-02T22:00:00,tb,43.794033,,,43.28284,42.301113,,43.284992,43.154896,43.274864
2027-11-02T23:00:00,tb,42.30359,,,43.13783,43.794033,,43.13794,43.173115,43.218082
2027-11-03T00:00:00,tb,43.504597,,,43.309917,42.30359,,43.30245,43.229267,43.256725
2027-11-03T01:00:00,tb,43.49928,,,43.141834,43.504597,,43.14943,43.1358,43.29029
2027-11-03T02:00:00,tb,42.30822,,,43.17501,43.49928,,43.16837,43.119904,43.026627
2027-11-03T03:00:00,tb,43.493053,,,43.223,42.30822,,43.234974,43.124985,43.301857
2027-11-03T04:00:00,tb,42.29324,,,43.16345,43.493053,,43.15981,43.254448,43.237965
2027-11-03T05:00:00,tb,43.799824,,,43.172485,42.29324,,43.179028,43.161774,43.070152
2027-11-03T06:00:00,tb,43.50417,,,43.253128,43.799824,,43.25512,43.23632,43.25302
2027-11-03T07:00:00,tb,42.29632,,,43.22408,43.50417,,43.24702,43.245373,43.29898
2027-11-03T08:00:00,tb,42.2877,,,43.148354,42.29632,,43.137875,43.23444,43.217796
2027-11-03T09:00:00,tb,42.30251,,,43.24244,42.2877,,43.24217,43.253883,43.289986
2027-11-03T10:00:00,tb,43.805916,,,43.350883,42.30251,,43.35935,43.243027,43.405434
2027-11-03T11:00:00,tb,42.300316,,,43.232483,43.805916,,43.243958,43.2324,43.305637
2027-11-03T12:00:00,tb,42.293957,,,43.14542,42.300316,,43.148926,43.20659,43.29609
2027-11-03T13:00:00,tb,43.478188,,,43.180305,42.293957,,43.190807,43.12525,43.19096
2027-11-03T14:00:00,tb,42.300297,,,43.06395,43.478188,,43.06517,43.223408,43.167023
2027-11-03T15:00:00,tb,43.80162,,,43.108437,42.300297,,43.108868,43.241764,43.193424
2027-11-03T16:00:00,tb,43.80808,,,43.19832,43.80162,,43.2172,43.026722,42.9677
2027-11-03T17:00:00,tb,43.804356,,,43.170193,43.80808,,43.18423,43.15286,43.14195
2027-11-03T18:00:00,tb,43.791664,,,43.24848,43.804356,,43.23364,43.19723,43.153465
2027-11-03T19:00:00,tb,43.48639,,,43.344246,43.791664,,43.34889,43.113636,43.1172
2027-11-03T20:00:00,tb,42.29797,,,43.27218,43.48639,,43.272152,43.102886,43.194458
2027-11-03T21:00:00,tb,43.491444,,,43.330406,42.29797,,43.354958,43.287445,43.278893
2027-11-03T22:00:00,tb,43.797672,,,43.25734,43.491444,,43.232815,43.215584,43.25144
2027-11-03T23:00:00,tb,43.798542,,,43.14621,43.797672,,43.181892,43.24164,43.217575
2027-11-04T00:00:00,tb,43.789726,,,43.136436,43.798542,,43.127846,43.31423,43.26029
2027-11-04T01:00:00,tb,42.28093,,,43.187855,43.789726,,43.204967,43.235607,43.20574
2027-11-04T02:00:00,tb,42.294453,,,43.210995,42.28093,,43.222095,43.253796,43.046295
2027-11-04T03:00:00,tb,42.29778,,,43.312004,42.294453,,43.305992,43.332855,43.48948
2027-11-04T04:00:00,tb,42.304966,,,43.2472,42.29778,,43.255928,43.255394,43.225185
2027-11-04T05:00:00,tb,43.507492,,,43.3741,42.304966,,43.364567,43.198505,43.196907
2027-11-04T06:00:00,tb,43.51209,,,43.197227,43.507492,,43.19037,43.256752,43.26428
2027-11-04T07:00:00,tb,42.304115,,,43.136284,43.51209,,43.13471,43.06163,43.088837
2027-11-04T08:00:00,tb,43.7892,,,43.188026,42.304115,,43.19267,43.042793,43.052147
2027-11-04T09:00:00,tb,43.793556,,,43.11894,43.7892,,43.11651,43.1781,43.195343
2027-11-04T10:00:00,tb,42.30965,,,43.19724,43.793556,,43.19491,43.26695,43.13238
2027-11-04T11:00:00,tb,43.81229,,,43.288147,42.30965,,43.29542,43.21499,43.253395
2027-11-04T12:00:00,tb,42.331673,,,43.1799,43.81229,,43.166462,43.297184,43.271683
2027-11-04T13:00:00,tb,43.483116,,,43.20553,42.331673,,43.22957,43.272537,43.382366
2027-11-04T14:00:00,tb,43.806984,,,43.008408,43.483116,,42.998585,43.262253,43.149
2027-11-04T15:00:00,tb,42.30728,,,43.225857,43.806984,,43.235886,43.06818,43.093906
2027-11-04T16:00:00,tb,42.297398,,,43.06683,42.30728,,43.059177,43.292614,43.140038
2027-11-04T17:00:00,tb,43.508507,,,43.34002,42.297398,,43.367416,43.326176,43.397045
2027-11-04T18:00:00,tb,42.29781,,,43.311024,43.508507,,43.29397,43.25492,43.23149
2027-11-04T19:00:00,tb,42.290337,,,43.077282,42.29781,,43.081696,43.303326,43.239986
2027-11-04T20:00:00,tb,43.49207,,,43.205128,42.290337,,43.198177,43.146885,43.17083
2027-11-04T21:00:00,tb,42.296677,,,43.20768,43.49207,,43.210022,43.311485,43.312927
2027-11-04T22:00:00,tb,43.503,,,43.17369,42.296677,,43.17218,43.257454,43.206715
2027-11-04T23:00:00,tb,43.8071,,,43.214417,43.503,,43.190735,43.26936,43.278435
2027-11-05T00:00:00,tb,43.7896,,,43.184048,43.8071,,43.19808,43.126366,43.114563
2027-11-05T01:00:00,tb,43.532215,,,43.093544,43.7896,,43.08059,43.294044,43.483932
2027-11-05T02:00:00,tb,43.505363,,,43.326363,43.532215,,43.330936,43.19158,43.275307
2027-11-05T03:00:00,tb,43.804226,,,43.20033,43.505363,,43.18661,43.140656,43.222736
2027-11-05T04:00:00,tb,42.29867,,,43.097916,43.804226,,43.10376,43.16828,43.181293
2027-11-05T05:00:00,tb,42.30625,,,43.22878,42.29867,,43.239853,43.201897,43.123474
2027-11-05T06:00:00,tb,42.28568,,,43.116135,42.30625,,43.112442,43.24187,43.35147
2027-11-05T07:00:00,tb,42.297974,,,43.239952,42.28568,,43.235985,43.305916,43.287712
2027-11-05T08:00:00,tb,43.487343,,,43.430317,42.297974,,43.45335,43.226143,43.255127
2027-11-05T09:00:00,tb,43.78955,,,43.06518,43.487343,,43.0596,43.243713,43.247475
2027-11-05T10:00:00,tb,43.806927,,,43.108864,43.78955,,43.121952,43.147823,43.144466
2027-11-05T11:00:00,tb,42.297382,,,43.053814,43.806927,,43.034336,43.09007,43.050316
2027-11-05T12:00:00,tb,43.783024,,,43.093014,42.297382,,43.10887,43.18637,43.276585
2027-11-05T13:00:00,tb,42.283955,,,43.176884,43.783024,,43.173885,43.29569,43.307228
2027-11-05T14:00:00,tb,43.51874,,,43.259335,42.283955,,43.25448,43.275818,43.22368
2027-11-05T15:00:00,tb,43.801712,,,43.17124,43.51874,,43.170654,43.296444,43.299225
2027-11-05T16:00:00,tb,43.492626,,,43.20956,43.801712,,43.226246,43.2841,43.28928
2027-11-05T17:00:00,tb,42.3134,,,43.0281,43.492626,,43.019356,43.141865,43.17077
2027-11-05T18:00:00,tb,43.49348,,,43.153477,42.3134,,43.15567,43.015877,42.982193
2027-11-05T19:00:00,tb,43.499474,,,43.206535,43.49348,,43.19906,43.268326,43.125385
2027-11-05T20:00:00,tb,43.504395,,,43.18038,43.499474,,43.17771,43.25527,43.17264
2027-11-05T21:00:00,tb,42.315605,,,43.271667,43.504395,,43.268734,43.288334,43.261402
2027-11-05T22:00:00,tb,42.29496,,,43.221336,42.315605,,43.207756,43.203,43.202805
2027-11-05T23:00:00,tb,43.51506,,,43.22082,42.29496,,43.205612,43.10014,43.115414
2027-11-06T00:00:00,tb,42.29558,,,43.35037,43.51506,,43.346,43.34749,43.351593
2027-11-06T01:00:00,tb,42.29842,,,43.354477,42.29558,,43.336185,43.376816,43.41276
2027-11-06T02:00:00,tb,42.29891,,,43.393738,42.29842,,43.391415,43.23914,43.37346
2027-11-06T03:00:00,tb,43.49639,,,43.35189,42.29891,,43.339836,43.18976,43.256893
2027-11-06T04:00:00,tb,43.8185,,,43.326866,43.49639,,43.337578,43.217587,43.248
2027-11-06T05:00:00,tb,43.50792,,,43.10669,43.8185,,43.109566,43.034176,43.09859
2027-11-06T06:00:00,tb,43.800488,,,43.091633,43.50792,,43.10709,43.175766,43.24752
2027-11-06T07:00:00,tb,43.521893,,,43.114292,43.800488,,43.115948,43.20331,43.154613
2027-11-06T08:00:00,tb,43.805817,,,43.261196,43.521893,,43.284134,43.109676,43.22679
2027-11-06T09:00:00,tb,42.307095,,,43.067284,43.805817,,43.066715,43.15058,43.195908
2027-11-06T10:00:00,tb,42.309902,,,43.33418,42.307095,,43.36932,43.277786,43.26163
2027-11-06T11:00:00,tb,42.30086,,,43.463165,42.309902,,43.451347,43.10307,42.99198
2027-11-06T12:00:00,tb,42.287067,,,43.417137,42.30086,,43.444725,43.294956,43.276093
2027-11-06T13:00:00,tb,42.28778,,,43.137157,42.287067,,43.114628,43.19347,43.306023
2027-11-06T14:00:00,tb,43.49483,,,43.125145,42.28778,,43.150455,43.194088,43.167618
2027-11-06T15:00:00,tb,43.794094,,,43.081524,43.49483,,43.06299,43.159332,43.210075
2027-11-06T16:00:00,tb,43.800175,,,43.07483,43.794094,,43.0907,43.09741,42.984947
2027-11-06T17:00:00,tb,43.495792,,,43.237736,43.800175,,43.237324,43.05609,43.102585
2027-11-06T18:00:00,tb,43.496864,,,43.26176,43.495792,,43.257397,43.109997,43.053867
2027-11-06T19:00:00,tb,43.780315,,,43.278767,43.496864,,43.293392,43.201733,43.292904
2027-11-06T20:00:00,tb,42.29716,,,43.22751,43.780315,,43.234344,43.132767,43.183502
2027-11-06T21:00:00,tb,43.509876,,,43.19685,42.29716,,43.215786,43.16164,43.34223
2027-11-06T22:00:00,tb,43.490265,,,43.163017,43.509876,,43.152515,43.278698,43.30946
2027-11-06T23:00:00,tb,42.304184,,,43.097717,43.490265,,43.10744,43.194866,43.205715
2027-11-07T00:00:00,tb,42.30572,,,43.1841,42.304184,,43.174488,43.259434,43.193943
2027-11-07T01:00:00,tb,43.79183,,,43.16214,42.30572,,43.163944,43.079865,43.10102
2027-11-07T02:00:00,tb,43.49954,,,43.11437,43.79183,,43.13022,43.23817,43.276646
2027-11-07T03:00:00,tb,42.304565,,,43.21868,43.49954,,43.201927,43.306984,43.2576
2027-11-07T04:00:00,tb,42.300987,,,43.168118,42.304565,,43.163235,43.286583,43.196247
2027-11-07T05:00:00,tb,43.482285,,,43.25999,42.300987,,43.267666,43.33158,43.23251
2027-11-07T06:00:00,tb,42.33606,,,43.157246,43.482285,,43.16343,43.220505,43.147827
2027-11-07T07:00:00,tb,43.772736,,,43.428688,42.33606,,43.41631,43.277832,43.301918
2027-11-07T08:00:00,tb,42.30737,,,43.04801,43.772736,,43.046894,43.249626,43.207085
2027-11-07T09:00:00,tb,43.485718,,,43.261406,42.30737,,43.263306,43.194096,43.254414
2027-11-07T10:00:00,tb,42.28642,,,43.171207,43.485718,,43.177612,43.18474,43.106697
2027-11-07T11:00:00,tb,43.784336,,,43.25544,42.28642,,43.249153,43.18727,43.217934
2027-11-07T12:00:00,tb,43.495388,,,43.26143,43.784336,,43.275475,43.14581,43.16783
2027-11-07T13:00:00,tb,42.29386,,,43.150482,43.495388,,43.15139,43.148277,43.124443
2027-11-07T14:00:00,tb,43.809116,,,43.06377,42.29386,,43.051086,43.04155,42.980007
2027-11-07T15:00:00,tb,43.50718,,,43.243786,43.809116,,43.255093,43.166134,43.139843
2027-11-07T16:00:00,tb,43.50198,,,43.201546,43.50718,,43.200348,43.240738,43.18259
2027-11-07T17:00:00,tb,42.296684,,,43.21811,43.50198,,43.216076,43.1904,43.211445
2027-11-07T18:00:00,tb,43.496937,,,43.28533,42.296684,,43.28651,43.27483,43.30079
2027-11-07T19:00:00,tb,43.504864,,,43.185547,43.496937,,43.17361,43.20352,43.264736
2027-11-07T20:00:00,tb,43.498764,,,43.263775,43.504864,,43.28653,43.16906,43.178493
2027-11-07T21:00:00,tb,42.301712,,,43.13158,43.498764,,43.112038,43.23018,43.244003
2027-11-07T22:00:00,tb,43.8039,,,43.25222,42.301712,,43.267326,43.232956,43.26442
2027-11-07T23:00:00,tb,43.501423,,,43.25977,43.8039,,43.25423,43.272076,43.303574
2027-11-08T00:00:00,tb,43.781525,,,43.138374,43.501423,,43.151386,43.322144,43.31523
2027-11-08T01:00:00,tb,42.287674,,,43.18173,43.781525,,43.20172,43.246094,43.232883
2027-11-08T02:00:00,tb,43.80669,,,43.24221,42.287674,,43.234062,43.3344,43.28008
2027-11-08T03:00:00,tb,42.292866,,,43.18784,43.80669,,43.19484,43.272217,43.19961
2027-11-08T04:00:00,tb,42.30279,,,43.1137,42.292866,,43.129013,43.134632,43.06411
2027-11-08T05:00:00,tb,42.3186,,,43.240246,42.30279,,43.23888,43.28165,43.27517
2027-11-08T06:00:00,tb,43.799057,,,43.12875,42.3186,,43.130344,43.27518,43.297592
2027-11-08T07:00:00,tb,43.814117,,,43.157547,43.799057,,43.17562,43.264286,43.237614
2027-11-08T08:00:00,tb,43.798016,,,43.204304,43.814117,,43.211037,43.20023,43.15981
2027-11-08T09:00:00,tb,42.31579,,,43.020805,43.798016,,43.01017,43.110886,43.143547
2027-11-08T10:00:00,tb,43.82531,,,43.243813,42.31579,,43.263927,43.26374,43.168575
2027-11-08T11:00:00,tb,43.79483,,,43.29922,43.82531,,43.286724,43.294094,43.2217
2027-11-08T12:00:00,tb,43.792282,,,43.008106,43.79483,,43.007706,43.18316,43.202732
2027-11-08T13:00:00,tb,43.51535,,,43.124477,43.792282,,43.112934,43.202236,43.152424
2027-11-08T14:00:00,tb,43.491367,,,43.203247,43.51535,,43.20499,43.20918,43.021484
2027-11-08T15:00:00,tb,43.799778,,,42.92974,43.491367,,42.92489,43.023518,42.990368
